retired_dataset_id,retired_name,replacement_dataset_id,replacement_name,replacement_path
ord_dataset-a0eff6fe4b4143f284f0fc5ac503acad,uspto-grants-1976_01,ord_dataset-1158e351757f315b93cbcbe7bc55f38e,uspto-grants,data/11/ord_dataset-1158e351757f315b93cbcbe7bc55f38e.parquet
ord_dataset-a0bc986c3cf848c2a1ea93b297d1ad89,uspto-grants-1976_02,ord_dataset-1158e351757f315b93cbcbe7bc55f38e,uspto-grants,data/11/ord_dataset-1158e351757f315b93cbcbe7bc55f38e.parquet
ord_dataset-15ce1bcfb62046d9bec87d32620888d5,uspto-grants-1976_03,ord_dataset-1158e351757f315b93cbcbe7bc55f38e,uspto-grants,data/11/ord_dataset-1158e351757f315b93cbcbe7bc55f38e.parquet
ord_dataset-a5669edbeffe43bf8514c1bfede8f882,uspto-grants-1976_04,ord_dataset-1158e351757f315b93cbcbe7bc55f38e,uspto-grants,data/11/ord_dataset-1158e351757f315b93cbcbe7bc55f38e.parquet
ord_dataset-653be8036d754ce7b8a1c4cd419eaf55,uspto-grants-1976_05,ord_dataset-1158e351757f315b93cbcbe7bc55f38e,uspto-grants,data/11/ord_dataset-1158e351757f315b93cbcbe7bc55f38e.parquet
ord_dataset-ad879e603f9440f6bfb7fbd18e5e8761,uspto-grants-1976_06,ord_dataset-1158e351757f315b93cbcbe7bc55f38e,uspto-grants,data/11/ord_dataset-1158e351757f315b93cbcbe7bc55f38e.parquet
ord_dataset-53cd7fd33c6f4f1c804e187bec94be57,uspto-grants-1976_07,ord_dataset-1158e351757f315b93cbcbe7bc55f38e,uspto-grants,data/11/ord_dataset-1158e351757f315b93cbcbe7bc55f38e.parquet
ord_dataset-7c810806c4564bada4a9550135bbb06f,uspto-grants-1976_08,ord_dataset-1158e351757f315b93cbcbe7bc55f38e,uspto-grants,data/11/ord_dataset-1158e351757f315b93cbcbe7bc55f38e.parquet
ord_dataset-a0071d97083e4e69ae8872417ed2776b,uspto-grants-1976_09,ord_dataset-1158e351757f315b93cbcbe7bc55f38e,uspto-grants,data/11/ord_dataset-1158e351757f315b93cbcbe7bc55f38e.parquet
ord_dataset-7f88a5da29d74264aae5239be74b3981,uspto-grants-1976_10,ord_dataset-1158e351757f315b93cbcbe7bc55f38e,uspto-grants,data/11/ord_dataset-1158e351757f315b93cbcbe7bc55f38e.parquet
ord_dataset-b971427c0b944c56b63bb2356fa8ca69,uspto-grants-1976_11,ord_dataset-1158e351757f315b93cbcbe7bc55f38e,uspto-grants,data/11/ord_dataset-1158e351757f315b93cbcbe7bc55f38e.parquet
ord_dataset-d625331704b34593871e69cd09a5cd83,uspto-grants-1976_12,ord_dataset-1158e351757f315b93cbcbe7bc55f38e,uspto-grants,data/11/ord_dataset-1158e351757f315b93cbcbe7bc55f38e.parquet
ord_dataset-8ca24382d55b4303bc34393399f4110e,uspto-grants-1977_01,ord_dataset-1158e351757f315b93cbcbe7bc55f38e,uspto-grants,data/11/ord_dataset-1158e351757f315b93cbcbe7bc55f38e.parquet
ord_dataset-2a1960001e7d4e89987253631df1362a,uspto-grants-1977_02,ord_dataset-1158e351757f315b93cbcbe7bc55f38e,uspto-grants,data/11/ord_dataset-1158e351757f315b93cbcbe7bc55f38e.parquet
ord_dataset-39f318aa6ec5450182abaf3662294306,uspto-grants-1977_03,ord_dataset-1158e351757f315b93cbcbe7bc55f38e,uspto-grants,data/11/ord_dataset-1158e351757f315b93cbcbe7bc55f38e.parquet
ord_dataset-19b9e29d593f4660ab77c07b459da9bb,uspto-grants-1977_04,ord_dataset-1158e351757f315b93cbcbe7bc55f38e,uspto-grants,data/11/ord_dataset-1158e351757f315b93cbcbe7bc55f38e.parquet
ord_dataset-fcf7c02bbb814fe696760b5fbfee16bb,uspto-grants-1977_05,ord_dataset-1158e351757f315b93cbcbe7bc55f38e,uspto-grants,data/11/ord_dataset-1158e351757f315b93cbcbe7bc55f38e.parquet
ord_dataset-2ada3fda46fc44719ba0c8001f53c1b3,uspto-grants-1977_06,ord_dataset-1158e351757f315b93cbcbe7bc55f38e,uspto-grants,data/11/ord_dataset-1158e351757f315b93cbcbe7bc55f38e.parquet
ord_dataset-14866e68bb5b47f5929457eecb4eb3a5,uspto-grants-1977_07,ord_dataset-1158e351757f315b93cbcbe7bc55f38e,uspto-grants,data/11/ord_dataset-1158e351757f315b93cbcbe7bc55f38e.parquet
ord_dataset-2cb52357eb5f43c2be56ad5c0662f18f,uspto-grants-1977_08,ord_dataset-1158e351757f315b93cbcbe7bc55f38e,uspto-grants,data/11/ord_dataset-1158e351757f315b93cbcbe7bc55f38e.parquet
ord_dataset-dc78376bd0a946d1a5a41eec30282b7d,uspto-grants-1977_09,ord_dataset-1158e351757f315b93cbcbe7bc55f38e,uspto-grants,data/11/ord_dataset-1158e351757f315b93cbcbe7bc55f38e.parquet
ord_dataset-56c07ce5503b46d1805bdf471f8f1c55,uspto-grants-1977_10,ord_dataset-1158e351757f315b93cbcbe7bc55f38e,uspto-grants,data/11/ord_dataset-1158e351757f315b93cbcbe7bc55f38e.parquet
ord_dataset-8f61d01cf5b34e85a3ccc89f8901797b,uspto-grants-1977_11,ord_dataset-1158e351757f315b93cbcbe7bc55f38e,uspto-grants,data/11/ord_dataset-1158e351757f315b93cbcbe7bc55f38e.parquet
ord_dataset-2e96d163c3f64eb5b470e1ea1a41922a,uspto-grants-1977_12,ord_dataset-1158e351757f315b93cbcbe7bc55f38e,uspto-grants,data/11/ord_dataset-1158e351757f315b93cbcbe7bc55f38e.parquet
ord_dataset-c8db783fb93842e89cdcd41afa59a141,uspto-grants-1978_01,ord_dataset-1158e351757f315b93cbcbe7bc55f38e,uspto-grants,data/11/ord_dataset-1158e351757f315b93cbcbe7bc55f38e.parquet
ord_dataset-3e699bae9dce4a0f996c34a7c5a4b79a,uspto-grants-1978_02,ord_dataset-1158e351757f315b93cbcbe7bc55f38e,uspto-grants,data/11/ord_dataset-1158e351757f315b93cbcbe7bc55f38e.parquet
ord_dataset-b0ddd49dad024fc7a23ae6f474f9c52f,uspto-grants-1978_03,ord_dataset-1158e351757f315b93cbcbe7bc55f38e,uspto-grants,data/11/ord_dataset-1158e351757f315b93cbcbe7bc55f38e.parquet
ord_dataset-de10a15943a54ac7a3c3e1c774d21392,uspto-grants-1978_04,ord_dataset-1158e351757f315b93cbcbe7bc55f38e,uspto-grants,data/11/ord_dataset-1158e351757f315b93cbcbe7bc55f38e.parquet
ord_dataset-2345345e84034af393f969fc5e7741b6,uspto-grants-1978_05,ord_dataset-1158e351757f315b93cbcbe7bc55f38e,uspto-grants,data/11/ord_dataset-1158e351757f315b93cbcbe7bc55f38e.parquet
ord_dataset-48929f64ce614f1181a555eafd7c97a6,uspto-grants-1978_06,ord_dataset-1158e351757f315b93cbcbe7bc55f38e,uspto-grants,data/11/ord_dataset-1158e351757f315b93cbcbe7bc55f38e.parquet
ord_dataset-4c8627b52d564809adb9b494879c07c0,uspto-grants-1978_07,ord_dataset-1158e351757f315b93cbcbe7bc55f38e,uspto-grants,data/11/ord_dataset-1158e351757f315b93cbcbe7bc55f38e.parquet
ord_dataset-ff0bcb6c2300494cbdf16005ad32ad5f,uspto-grants-1978_08,ord_dataset-1158e351757f315b93cbcbe7bc55f38e,uspto-grants,data/11/ord_dataset-1158e351757f315b93cbcbe7bc55f38e.parquet
ord_dataset-becaf7dc22c44672b22e4b94335cbf08,uspto-grants-1978_09,ord_dataset-1158e351757f315b93cbcbe7bc55f38e,uspto-grants,data/11/ord_dataset-1158e351757f315b93cbcbe7bc55f38e.parquet
ord_dataset-6d529f04a1724b5d85dcc290cf4c38bb,uspto-grants-1978_10,ord_dataset-1158e351757f315b93cbcbe7bc55f38e,uspto-grants,data/11/ord_dataset-1158e351757f315b93cbcbe7bc55f38e.parquet
ord_dataset-b43eb0158fd54801957aaa07bbdf3057,uspto-grants-1978_11,ord_dataset-1158e351757f315b93cbcbe7bc55f38e,uspto-grants,data/11/ord_dataset-1158e351757f315b93cbcbe7bc55f38e.parquet
ord_dataset-0bb2e99daa66408fb8dbd6a0781d241c,uspto-grants-1978_12,ord_dataset-1158e351757f315b93cbcbe7bc55f38e,uspto-grants,data/11/ord_dataset-1158e351757f315b93cbcbe7bc55f38e.parquet
ord_dataset-e5870fef54544989915ccced8dd8d849,uspto-grants-1979_01,ord_dataset-1158e351757f315b93cbcbe7bc55f38e,uspto-grants,data/11/ord_dataset-1158e351757f315b93cbcbe7bc55f38e.parquet
ord_dataset-8881493772e04c4b9495fc2114379967,uspto-grants-1979_02,ord_dataset-1158e351757f315b93cbcbe7bc55f38e,uspto-grants,data/11/ord_dataset-1158e351757f315b93cbcbe7bc55f38e.parquet
ord_dataset-3d470a6df4a04b1996e024a38c53e818,uspto-grants-1979_03,ord_dataset-1158e351757f315b93cbcbe7bc55f38e,uspto-grants,data/11/ord_dataset-1158e351757f315b93cbcbe7bc55f38e.parquet
ord_dataset-053897d9b1744303b2fdfe3e796ca27b,uspto-grants-1979_04,ord_dataset-1158e351757f315b93cbcbe7bc55f38e,uspto-grants,data/11/ord_dataset-1158e351757f315b93cbcbe7bc55f38e.parquet
ord_dataset-159c363342e44b539e7a5975c873e30d,uspto-grants-1979_05,ord_dataset-1158e351757f315b93cbcbe7bc55f38e,uspto-grants,data/11/ord_dataset-1158e351757f315b93cbcbe7bc55f38e.parquet
ord_dataset-12a0ec4f3cda46e2badc694da2072c39,uspto-grants-1979_06,ord_dataset-1158e351757f315b93cbcbe7bc55f38e,uspto-grants,data/11/ord_dataset-1158e351757f315b93cbcbe7bc55f38e.parquet
ord_dataset-56a7c92b497c48c59951f153285b4adc,uspto-grants-1979_07,ord_dataset-1158e351757f315b93cbcbe7bc55f38e,uspto-grants,data/11/ord_dataset-1158e351757f315b93cbcbe7bc55f38e.parquet
ord_dataset-1590b34936164499aa4ed4fe0ef21255,uspto-grants-1979_08,ord_dataset-1158e351757f315b93cbcbe7bc55f38e,uspto-grants,data/11/ord_dataset-1158e351757f315b93cbcbe7bc55f38e.parquet
ord_dataset-cb9f452f8418479ab5fd99c835dbe015,uspto-grants-1979_09,ord_dataset-1158e351757f315b93cbcbe7bc55f38e,uspto-grants,data/11/ord_dataset-1158e351757f315b93cbcbe7bc55f38e.parquet
ord_dataset-28b19b59e93c47698a5a2b21048ec201,uspto-grants-1979_10,ord_dataset-1158e351757f315b93cbcbe7bc55f38e,uspto-grants,data/11/ord_dataset-1158e351757f315b93cbcbe7bc55f38e.parquet
ord_dataset-09e9a37ee5794dc28c0ad7bf7a442c18,uspto-grants-1979_11,ord_dataset-1158e351757f315b93cbcbe7bc55f38e,uspto-grants,data/11/ord_dataset-1158e351757f315b93cbcbe7bc55f38e.parquet
ord_dataset-912d62c1690b4ebfbe998c0c9baf88a8,uspto-grants-1979_12,ord_dataset-1158e351757f315b93cbcbe7bc55f38e,uspto-grants,data/11/ord_dataset-1158e351757f315b93cbcbe7bc55f38e.parquet
ord_dataset-d9fb402fe3e745c1893a29161cc5dda2,uspto-grants-1980_01,ord_dataset-1158e351757f315b93cbcbe7bc55f38e,uspto-grants,data/11/ord_dataset-1158e351757f315b93cbcbe7bc55f38e.parquet
ord_dataset-9240b22758dd4f9e981f9ad2d5394155,uspto-grants-1980_02,ord_dataset-1158e351757f315b93cbcbe7bc55f38e,uspto-grants,data/11/ord_dataset-1158e351757f315b93cbcbe7bc55f38e.parquet
ord_dataset-b1bf0950b5cb430abbb1d80744f5df84,uspto-grants-1980_03,ord_dataset-1158e351757f315b93cbcbe7bc55f38e,uspto-grants,data/11/ord_dataset-1158e351757f315b93cbcbe7bc55f38e.parquet
ord_dataset-d986d6c6630b41ee8d401fd85be47701,uspto-grants-1980_04,ord_dataset-1158e351757f315b93cbcbe7bc55f38e,uspto-grants,data/11/ord_dataset-1158e351757f315b93cbcbe7bc55f38e.parquet
ord_dataset-8af141577c90485cb9c91079a5ef96b3,uspto-grants-1980_05,ord_dataset-1158e351757f315b93cbcbe7bc55f38e,uspto-grants,data/11/ord_dataset-1158e351757f315b93cbcbe7bc55f38e.parquet
ord_dataset-b5f1497361c94e5fa55257200189a6a4,uspto-grants-1980_06,ord_dataset-1158e351757f315b93cbcbe7bc55f38e,uspto-grants,data/11/ord_dataset-1158e351757f315b93cbcbe7bc55f38e.parquet
ord_dataset-dabcd66611f34094b1baca0095305a66,uspto-grants-1980_07,ord_dataset-1158e351757f315b93cbcbe7bc55f38e,uspto-grants,data/11/ord_dataset-1158e351757f315b93cbcbe7bc55f38e.parquet
ord_dataset-cb0fdfa937234c78b020ec878a93b94c,uspto-grants-1980_08,ord_dataset-1158e351757f315b93cbcbe7bc55f38e,uspto-grants,data/11/ord_dataset-1158e351757f315b93cbcbe7bc55f38e.parquet
ord_dataset-06d4002fc4d34860a0688cba690e12dc,uspto-grants-1980_09,ord_dataset-1158e351757f315b93cbcbe7bc55f38e,uspto-grants,data/11/ord_dataset-1158e351757f315b93cbcbe7bc55f38e.parquet
ord_dataset-520610070b3c4780a03b44c7fcecc28f,uspto-grants-1980_10,ord_dataset-1158e351757f315b93cbcbe7bc55f38e,uspto-grants,data/11/ord_dataset-1158e351757f315b93cbcbe7bc55f38e.parquet
ord_dataset-10f2568b472a4cabb35c3f313a159005,uspto-grants-1980_11,ord_dataset-1158e351757f315b93cbcbe7bc55f38e,uspto-grants,data/11/ord_dataset-1158e351757f315b93cbcbe7bc55f38e.parquet
ord_dataset-b9d8ddf9c2884d40859b6b5f24815a7d,uspto-grants-1980_12,ord_dataset-1158e351757f315b93cbcbe7bc55f38e,uspto-grants,data/11/ord_dataset-1158e351757f315b93cbcbe7bc55f38e.parquet
ord_dataset-8868acadaee548d5802e504148fc3b63,uspto-grants-1981_01,ord_dataset-1158e351757f315b93cbcbe7bc55f38e,uspto-grants,data/11/ord_dataset-1158e351757f315b93cbcbe7bc55f38e.parquet
ord_dataset-8c94910e81cc4281bd57a58ce657576f,uspto-grants-1981_02,ord_dataset-1158e351757f315b93cbcbe7bc55f38e,uspto-grants,data/11/ord_dataset-1158e351757f315b93cbcbe7bc55f38e.parquet
ord_dataset-0c37e633e9814a6e886187796cacf216,uspto-grants-1981_03,ord_dataset-1158e351757f315b93cbcbe7bc55f38e,uspto-grants,data/11/ord_dataset-1158e351757f315b93cbcbe7bc55f38e.parquet
ord_dataset-2d589ad46f82417ab9ddc07f7655411c,uspto-grants-1981_04,ord_dataset-1158e351757f315b93cbcbe7bc55f38e,uspto-grants,data/11/ord_dataset-1158e351757f315b93cbcbe7bc55f38e.parquet
ord_dataset-f196f0a87dd74fcd82ca019f8ff5cf9c,uspto-grants-1981_05,ord_dataset-1158e351757f315b93cbcbe7bc55f38e,uspto-grants,data/11/ord_dataset-1158e351757f315b93cbcbe7bc55f38e.parquet
ord_dataset-b1023e5ccd7142de9d250aa2e3e124db,uspto-grants-1981_06,ord_dataset-1158e351757f315b93cbcbe7bc55f38e,uspto-grants,data/11/ord_dataset-1158e351757f315b93cbcbe7bc55f38e.parquet
ord_dataset-7bed824f566d4af0b51d74d386b14bd6,uspto-grants-1981_07,ord_dataset-1158e351757f315b93cbcbe7bc55f38e,uspto-grants,data/11/ord_dataset-1158e351757f315b93cbcbe7bc55f38e.parquet
ord_dataset-50c29bf1847c44f4b40bfab5f46fe5fe,uspto-grants-1981_08,ord_dataset-1158e351757f315b93cbcbe7bc55f38e,uspto-grants,data/11/ord_dataset-1158e351757f315b93cbcbe7bc55f38e.parquet
ord_dataset-a0b0a122a04c40798e0535b968adcf6e,uspto-grants-1981_09,ord_dataset-1158e351757f315b93cbcbe7bc55f38e,uspto-grants,data/11/ord_dataset-1158e351757f315b93cbcbe7bc55f38e.parquet
ord_dataset-4a4f564f09ba483589e09e154ad32acf,uspto-grants-1981_10,ord_dataset-1158e351757f315b93cbcbe7bc55f38e,uspto-grants,data/11/ord_dataset-1158e351757f315b93cbcbe7bc55f38e.parquet
ord_dataset-6dbd68e494f94ae796187f53698183da,uspto-grants-1981_11,ord_dataset-1158e351757f315b93cbcbe7bc55f38e,uspto-grants,data/11/ord_dataset-1158e351757f315b93cbcbe7bc55f38e.parquet
ord_dataset-aeb5378e6e67443e8a4f5c7a5ec3de51,uspto-grants-1981_12,ord_dataset-1158e351757f315b93cbcbe7bc55f38e,uspto-grants,data/11/ord_dataset-1158e351757f315b93cbcbe7bc55f38e.parquet
ord_dataset-6ba93916f2ad4247804469d8c2600b26,uspto-grants-1982_01,ord_dataset-1158e351757f315b93cbcbe7bc55f38e,uspto-grants,data/11/ord_dataset-1158e351757f315b93cbcbe7bc55f38e.parquet
ord_dataset-90c12c4a89ae46d88aea27f4e37ba124,uspto-grants-1982_02,ord_dataset-1158e351757f315b93cbcbe7bc55f38e,uspto-grants,data/11/ord_dataset-1158e351757f315b93cbcbe7bc55f38e.parquet
ord_dataset-dba7c8cf38834984ba5e6376158f46fe,uspto-grants-1982_03,ord_dataset-1158e351757f315b93cbcbe7bc55f38e,uspto-grants,data/11/ord_dataset-1158e351757f315b93cbcbe7bc55f38e.parquet
ord_dataset-f0d0fe3f599c471ca1c011dbbcdeeff2,uspto-grants-1982_04,ord_dataset-1158e351757f315b93cbcbe7bc55f38e,uspto-grants,data/11/ord_dataset-1158e351757f315b93cbcbe7bc55f38e.parquet
ord_dataset-62e11cab5a6e47d89878616c244e20ef,uspto-grants-1982_05,ord_dataset-1158e351757f315b93cbcbe7bc55f38e,uspto-grants,data/11/ord_dataset-1158e351757f315b93cbcbe7bc55f38e.parquet
ord_dataset-6f715747ea754945a2f0af4a8482c7d2,uspto-grants-1982_06,ord_dataset-1158e351757f315b93cbcbe7bc55f38e,uspto-grants,data/11/ord_dataset-1158e351757f315b93cbcbe7bc55f38e.parquet
ord_dataset-be22f1f5114b4ebfb8d447c93d62d62c,uspto-grants-1982_07,ord_dataset-1158e351757f315b93cbcbe7bc55f38e,uspto-grants,data/11/ord_dataset-1158e351757f315b93cbcbe7bc55f38e.parquet
ord_dataset-0bf72e95d80743729fdbb8b57a4bc0c6,uspto-grants-1982_08,ord_dataset-1158e351757f315b93cbcbe7bc55f38e,uspto-grants,data/11/ord_dataset-1158e351757f315b93cbcbe7bc55f38e.parquet
ord_dataset-b37811c5ed724c3b844cc4d2b5640398,uspto-grants-1982_09,ord_dataset-1158e351757f315b93cbcbe7bc55f38e,uspto-grants,data/11/ord_dataset-1158e351757f315b93cbcbe7bc55f38e.parquet
ord_dataset-10360c60962940178e4bf05e54b1655c,uspto-grants-1982_10,ord_dataset-1158e351757f315b93cbcbe7bc55f38e,uspto-grants,data/11/ord_dataset-1158e351757f315b93cbcbe7bc55f38e.parquet
ord_dataset-e984b2d4813f44d59867e1771acc9b66,uspto-grants-1982_11,ord_dataset-1158e351757f315b93cbcbe7bc55f38e,uspto-grants,data/11/ord_dataset-1158e351757f315b93cbcbe7bc55f38e.parquet
ord_dataset-d06b137b66b3478fb6a0d41a5efd32f8,uspto-grants-1982_12,ord_dataset-1158e351757f315b93cbcbe7bc55f38e,uspto-grants,data/11/ord_dataset-1158e351757f315b93cbcbe7bc55f38e.parquet
ord_dataset-72d9f7ef86df410fac4765c9632d459b,uspto-grants-1983_01,ord_dataset-1158e351757f315b93cbcbe7bc55f38e,uspto-grants,data/11/ord_dataset-1158e351757f315b93cbcbe7bc55f38e.parquet
ord_dataset-bdb961f26fac426eaa2de8f54a284acf,uspto-grants-1983_02,ord_dataset-1158e351757f315b93cbcbe7bc55f38e,uspto-grants,data/11/ord_dataset-1158e351757f315b93cbcbe7bc55f38e.parquet
ord_dataset-1c61a371eaf841328cc190a0356d6b3b,uspto-grants-1983_03,ord_dataset-1158e351757f315b93cbcbe7bc55f38e,uspto-grants,data/11/ord_dataset-1158e351757f315b93cbcbe7bc55f38e.parquet
ord_dataset-b2a00a09c8494aaf9348c3a3af29d26e,uspto-grants-1983_04,ord_dataset-1158e351757f315b93cbcbe7bc55f38e,uspto-grants,data/11/ord_dataset-1158e351757f315b93cbcbe7bc55f38e.parquet
ord_dataset-4ac1b977dc504cb5a6a8e85d7d777c45,uspto-grants-1983_05,ord_dataset-1158e351757f315b93cbcbe7bc55f38e,uspto-grants,data/11/ord_dataset-1158e351757f315b93cbcbe7bc55f38e.parquet
ord_dataset-e7e9fe3dd42b4f499d5b17fe63bbf336,uspto-grants-1983_06,ord_dataset-1158e351757f315b93cbcbe7bc55f38e,uspto-grants,data/11/ord_dataset-1158e351757f315b93cbcbe7bc55f38e.parquet
ord_dataset-64bb36b111c249e0afcce8c5ad9cdbd0,uspto-grants-1983_07,ord_dataset-1158e351757f315b93cbcbe7bc55f38e,uspto-grants,data/11/ord_dataset-1158e351757f315b93cbcbe7bc55f38e.parquet
ord_dataset-29d79fca4cec4a43b773d0ba25b27651,uspto-grants-1983_08,ord_dataset-1158e351757f315b93cbcbe7bc55f38e,uspto-grants,data/11/ord_dataset-1158e351757f315b93cbcbe7bc55f38e.parquet
ord_dataset-d9235b0d1f9f4e85b2690ee8f860dc30,uspto-grants-1983_09,ord_dataset-1158e351757f315b93cbcbe7bc55f38e,uspto-grants,data/11/ord_dataset-1158e351757f315b93cbcbe7bc55f38e.parquet
ord_dataset-406d20cb3f314e2c967b14f55925f895,uspto-grants-1983_10,ord_dataset-1158e351757f315b93cbcbe7bc55f38e,uspto-grants,data/11/ord_dataset-1158e351757f315b93cbcbe7bc55f38e.parquet
ord_dataset-ac04cf1ba5724e9b93d39b77e9740b21,uspto-grants-1983_11,ord_dataset-1158e351757f315b93cbcbe7bc55f38e,uspto-grants,data/11/ord_dataset-1158e351757f315b93cbcbe7bc55f38e.parquet
ord_dataset-5237a168f9214b7ca3db5a1dc3e62d07,uspto-grants-1983_12,ord_dataset-1158e351757f315b93cbcbe7bc55f38e,uspto-grants,data/11/ord_dataset-1158e351757f315b93cbcbe7bc55f38e.parquet
ord_dataset-f3b9c7d90d3648ff8136643f634ef2f0,uspto-grants-1984_01,ord_dataset-1158e351757f315b93cbcbe7bc55f38e,uspto-grants,data/11/ord_dataset-1158e351757f315b93cbcbe7bc55f38e.parquet
ord_dataset-87aeeef7c91d4312a992c5cea936705c,uspto-grants-1984_02,ord_dataset-1158e351757f315b93cbcbe7bc55f38e,uspto-grants,data/11/ord_dataset-1158e351757f315b93cbcbe7bc55f38e.parquet
ord_dataset-d182ca8cf3f34de69c7a38343db8c930,uspto-grants-1984_03,ord_dataset-1158e351757f315b93cbcbe7bc55f38e,uspto-grants,data/11/ord_dataset-1158e351757f315b93cbcbe7bc55f38e.parquet
ord_dataset-19041548671f410397ce7f00536a9be3,uspto-grants-1984_04,ord_dataset-1158e351757f315b93cbcbe7bc55f38e,uspto-grants,data/11/ord_dataset-1158e351757f315b93cbcbe7bc55f38e.parquet
ord_dataset-3708161f4ba04e959b9a7a8d59fd86e1,uspto-grants-1984_05,ord_dataset-1158e351757f315b93cbcbe7bc55f38e,uspto-grants,data/11/ord_dataset-1158e351757f315b93cbcbe7bc55f38e.parquet
ord_dataset-7a32ed4947a84db9890d8863ca9e55fb,uspto-grants-1984_06,ord_dataset-1158e351757f315b93cbcbe7bc55f38e,uspto-grants,data/11/ord_dataset-1158e351757f315b93cbcbe7bc55f38e.parquet
ord_dataset-9625b7c45a574cd58946dd2c1803eb6f,uspto-grants-1984_07,ord_dataset-1158e351757f315b93cbcbe7bc55f38e,uspto-grants,data/11/ord_dataset-1158e351757f315b93cbcbe7bc55f38e.parquet
ord_dataset-1d493fcbd5494078b46e816998dcb991,uspto-grants-1984_08,ord_dataset-1158e351757f315b93cbcbe7bc55f38e,uspto-grants,data/11/ord_dataset-1158e351757f315b93cbcbe7bc55f38e.parquet
ord_dataset-fea3ada7aaad45a0b4e7922640986af3,uspto-grants-1984_09,ord_dataset-1158e351757f315b93cbcbe7bc55f38e,uspto-grants,data/11/ord_dataset-1158e351757f315b93cbcbe7bc55f38e.parquet
ord_dataset-a9b95e50436441ff8f3f12dd60d1e1b2,uspto-grants-1984_10,ord_dataset-1158e351757f315b93cbcbe7bc55f38e,uspto-grants,data/11/ord_dataset-1158e351757f315b93cbcbe7bc55f38e.parquet
ord_dataset-d6752864fa634eb3b05f7440b4fb9a70,uspto-grants-1984_11,ord_dataset-1158e351757f315b93cbcbe7bc55f38e,uspto-grants,data/11/ord_dataset-1158e351757f315b93cbcbe7bc55f38e.parquet
ord_dataset-6d96290c60d941d098c4ddc9d0cb01a0,uspto-grants-1984_12,ord_dataset-1158e351757f315b93cbcbe7bc55f38e,uspto-grants,data/11/ord_dataset-1158e351757f315b93cbcbe7bc55f38e.parquet
ord_dataset-fd44e5eeeeb4473cb5fbff2d885d7833,uspto-grants-1985_01,ord_dataset-1158e351757f315b93cbcbe7bc55f38e,uspto-grants,data/11/ord_dataset-1158e351757f315b93cbcbe7bc55f38e.parquet
ord_dataset-3e4cbfe3ea40460399482e6cf2f9c894,uspto-grants-1985_02,ord_dataset-1158e351757f315b93cbcbe7bc55f38e,uspto-grants,data/11/ord_dataset-1158e351757f315b93cbcbe7bc55f38e.parquet
ord_dataset-e61c1950b2fc468dbf0701c65768f73f,uspto-grants-1985_03,ord_dataset-1158e351757f315b93cbcbe7bc55f38e,uspto-grants,data/11/ord_dataset-1158e351757f315b93cbcbe7bc55f38e.parquet
ord_dataset-d6b60b593b1c4668bc6843cd65a5d232,uspto-grants-1985_04,ord_dataset-1158e351757f315b93cbcbe7bc55f38e,uspto-grants,data/11/ord_dataset-1158e351757f315b93cbcbe7bc55f38e.parquet
ord_dataset-2f37329a4b254471a74f2eb0981f11ec,uspto-grants-1985_05,ord_dataset-1158e351757f315b93cbcbe7bc55f38e,uspto-grants,data/11/ord_dataset-1158e351757f315b93cbcbe7bc55f38e.parquet
ord_dataset-7724d657b6fc42848b62ca7c93d84bed,uspto-grants-1985_06,ord_dataset-1158e351757f315b93cbcbe7bc55f38e,uspto-grants,data/11/ord_dataset-1158e351757f315b93cbcbe7bc55f38e.parquet
ord_dataset-232d09663ed349c2a1fb1f05d411eae0,uspto-grants-1985_07,ord_dataset-1158e351757f315b93cbcbe7bc55f38e,uspto-grants,data/11/ord_dataset-1158e351757f315b93cbcbe7bc55f38e.parquet
ord_dataset-34cf5f1378de4e34844aea93a2f9a9d3,uspto-grants-1985_08,ord_dataset-1158e351757f315b93cbcbe7bc55f38e,uspto-grants,data/11/ord_dataset-1158e351757f315b93cbcbe7bc55f38e.parquet
ord_dataset-b76b52f4448a4eedb28ffcd8f902046a,uspto-grants-1985_09,ord_dataset-1158e351757f315b93cbcbe7bc55f38e,uspto-grants,data/11/ord_dataset-1158e351757f315b93cbcbe7bc55f38e.parquet
ord_dataset-3007013966624a1096d71142f31cb5a3,uspto-grants-1985_10,ord_dataset-1158e351757f315b93cbcbe7bc55f38e,uspto-grants,data/11/ord_dataset-1158e351757f315b93cbcbe7bc55f38e.parquet
ord_dataset-a1d4c9f5edd844798727d514977ca73e,uspto-grants-1985_11,ord_dataset-1158e351757f315b93cbcbe7bc55f38e,uspto-grants,data/11/ord_dataset-1158e351757f315b93cbcbe7bc55f38e.parquet
ord_dataset-3fa0a6b7d51b4fc6a5380aa0d03ac884,uspto-grants-1985_12,ord_dataset-1158e351757f315b93cbcbe7bc55f38e,uspto-grants,data/11/ord_dataset-1158e351757f315b93cbcbe7bc55f38e.parquet
ord_dataset-7d359d96b3a64882921ebdc6c850e22e,uspto-grants-1986_01,ord_dataset-1158e351757f315b93cbcbe7bc55f38e,uspto-grants,data/11/ord_dataset-1158e351757f315b93cbcbe7bc55f38e.parquet
ord_dataset-a2a0fbbcd49a46ffaa432d7ceae8a506,uspto-grants-1986_02,ord_dataset-1158e351757f315b93cbcbe7bc55f38e,uspto-grants,data/11/ord_dataset-1158e351757f315b93cbcbe7bc55f38e.parquet
ord_dataset-343f84c5bd164b25aeae96e1d828e768,uspto-grants-1986_03,ord_dataset-1158e351757f315b93cbcbe7bc55f38e,uspto-grants,data/11/ord_dataset-1158e351757f315b93cbcbe7bc55f38e.parquet
ord_dataset-84dc0c9e5fb4424687194ef8d14d1c22,uspto-grants-1986_04,ord_dataset-1158e351757f315b93cbcbe7bc55f38e,uspto-grants,data/11/ord_dataset-1158e351757f315b93cbcbe7bc55f38e.parquet
ord_dataset-1895fe091c3f47afa1ee96a41a250de4,uspto-grants-1986_05,ord_dataset-1158e351757f315b93cbcbe7bc55f38e,uspto-grants,data/11/ord_dataset-1158e351757f315b93cbcbe7bc55f38e.parquet
ord_dataset-d6cdba90760a47779a36ece5962905eb,uspto-grants-1986_06,ord_dataset-1158e351757f315b93cbcbe7bc55f38e,uspto-grants,data/11/ord_dataset-1158e351757f315b93cbcbe7bc55f38e.parquet
ord_dataset-4731a430f0af464b83e8b5b145cd2c77,uspto-grants-1986_07,ord_dataset-1158e351757f315b93cbcbe7bc55f38e,uspto-grants,data/11/ord_dataset-1158e351757f315b93cbcbe7bc55f38e.parquet
ord_dataset-2069a3db775a4d9f9310aca092ecbad8,uspto-grants-1986_08,ord_dataset-1158e351757f315b93cbcbe7bc55f38e,uspto-grants,data/11/ord_dataset-1158e351757f315b93cbcbe7bc55f38e.parquet
ord_dataset-0b70410902ae4139bd5d334881938f69,uspto-grants-1986_09,ord_dataset-1158e351757f315b93cbcbe7bc55f38e,uspto-grants,data/11/ord_dataset-1158e351757f315b93cbcbe7bc55f38e.parquet
ord_dataset-f222e615b1f74f0fabef9cd9b98516b7,uspto-grants-1986_10,ord_dataset-1158e351757f315b93cbcbe7bc55f38e,uspto-grants,data/11/ord_dataset-1158e351757f315b93cbcbe7bc55f38e.parquet
ord_dataset-b9a9e369e9da4413999591aa08f4c3e3,uspto-grants-1986_11,ord_dataset-1158e351757f315b93cbcbe7bc55f38e,uspto-grants,data/11/ord_dataset-1158e351757f315b93cbcbe7bc55f38e.parquet
ord_dataset-772de90433b44abbbacf9b316b845c31,uspto-grants-1986_12,ord_dataset-1158e351757f315b93cbcbe7bc55f38e,uspto-grants,data/11/ord_dataset-1158e351757f315b93cbcbe7bc55f38e.parquet
ord_dataset-5944a40bb4504bbe8185cfdf2a811d03,uspto-grants-1987_01,ord_dataset-1158e351757f315b93cbcbe7bc55f38e,uspto-grants,data/11/ord_dataset-1158e351757f315b93cbcbe7bc55f38e.parquet
ord_dataset-128a4f3f44e844218b1c319ab4de3893,uspto-grants-1987_02,ord_dataset-1158e351757f315b93cbcbe7bc55f38e,uspto-grants,data/11/ord_dataset-1158e351757f315b93cbcbe7bc55f38e.parquet
ord_dataset-d1c545e3afc447099315419421478aab,uspto-grants-1987_03,ord_dataset-1158e351757f315b93cbcbe7bc55f38e,uspto-grants,data/11/ord_dataset-1158e351757f315b93cbcbe7bc55f38e.parquet
ord_dataset-36f7bef430f14c2e8db5e3f7c3640d9b,uspto-grants-1987_04,ord_dataset-1158e351757f315b93cbcbe7bc55f38e,uspto-grants,data/11/ord_dataset-1158e351757f315b93cbcbe7bc55f38e.parquet
ord_dataset-58ec6779628e43e2b3f0972725f262e6,uspto-grants-1987_05,ord_dataset-1158e351757f315b93cbcbe7bc55f38e,uspto-grants,data/11/ord_dataset-1158e351757f315b93cbcbe7bc55f38e.parquet
ord_dataset-41c90677d90b4fa5836ab66e2f5b4f51,uspto-grants-1987_06,ord_dataset-1158e351757f315b93cbcbe7bc55f38e,uspto-grants,data/11/ord_dataset-1158e351757f315b93cbcbe7bc55f38e.parquet
ord_dataset-e402405fd21e4770a14f157cb62ca439,uspto-grants-1987_07,ord_dataset-1158e351757f315b93cbcbe7bc55f38e,uspto-grants,data/11/ord_dataset-1158e351757f315b93cbcbe7bc55f38e.parquet
ord_dataset-c34472859da14a81bfe0f74e60f15c43,uspto-grants-1987_08,ord_dataset-1158e351757f315b93cbcbe7bc55f38e,uspto-grants,data/11/ord_dataset-1158e351757f315b93cbcbe7bc55f38e.parquet
ord_dataset-f5dc3e448c204058b116bf1970695bef,uspto-grants-1987_09,ord_dataset-1158e351757f315b93cbcbe7bc55f38e,uspto-grants,data/11/ord_dataset-1158e351757f315b93cbcbe7bc55f38e.parquet
ord_dataset-1385ebf1988241e49636101695ad79e4,uspto-grants-1987_10,ord_dataset-1158e351757f315b93cbcbe7bc55f38e,uspto-grants,data/11/ord_dataset-1158e351757f315b93cbcbe7bc55f38e.parquet
ord_dataset-12ef86aced0149e0917be82ce22190e2,uspto-grants-1987_11,ord_dataset-1158e351757f315b93cbcbe7bc55f38e,uspto-grants,data/11/ord_dataset-1158e351757f315b93cbcbe7bc55f38e.parquet
ord_dataset-5c25f386f4664070a72d578feacedf86,uspto-grants-1987_12,ord_dataset-1158e351757f315b93cbcbe7bc55f38e,uspto-grants,data/11/ord_dataset-1158e351757f315b93cbcbe7bc55f38e.parquet
ord_dataset-fdef1f30cad64430bf05cf108d8004a2,uspto-grants-1988_01,ord_dataset-1158e351757f315b93cbcbe7bc55f38e,uspto-grants,data/11/ord_dataset-1158e351757f315b93cbcbe7bc55f38e.parquet
ord_dataset-01dbb772c5e249108f0b191ed17a2c0c,uspto-grants-1988_02,ord_dataset-1158e351757f315b93cbcbe7bc55f38e,uspto-grants,data/11/ord_dataset-1158e351757f315b93cbcbe7bc55f38e.parquet
ord_dataset-37d3220f708c49ad839bab296b722248,uspto-grants-1988_03,ord_dataset-1158e351757f315b93cbcbe7bc55f38e,uspto-grants,data/11/ord_dataset-1158e351757f315b93cbcbe7bc55f38e.parquet
ord_dataset-41558b7e18dd41999311b1762e0e13a3,uspto-grants-1988_04,ord_dataset-1158e351757f315b93cbcbe7bc55f38e,uspto-grants,data/11/ord_dataset-1158e351757f315b93cbcbe7bc55f38e.parquet
ord_dataset-7860c6f563014da8948ede63b7110bde,uspto-grants-1988_05,ord_dataset-1158e351757f315b93cbcbe7bc55f38e,uspto-grants,data/11/ord_dataset-1158e351757f315b93cbcbe7bc55f38e.parquet
ord_dataset-3844acbccc714c04ab757ec4fca10bd0,uspto-grants-1988_06,ord_dataset-1158e351757f315b93cbcbe7bc55f38e,uspto-grants,data/11/ord_dataset-1158e351757f315b93cbcbe7bc55f38e.parquet
ord_dataset-4937da99a6a247eb90fa70f0d2eac3db,uspto-grants-1988_07,ord_dataset-1158e351757f315b93cbcbe7bc55f38e,uspto-grants,data/11/ord_dataset-1158e351757f315b93cbcbe7bc55f38e.parquet
ord_dataset-07db50a3ce6941919df30a9e2898988f,uspto-grants-1988_08,ord_dataset-1158e351757f315b93cbcbe7bc55f38e,uspto-grants,data/11/ord_dataset-1158e351757f315b93cbcbe7bc55f38e.parquet
ord_dataset-3ef78abb9a384506b240a419b70e6ceb,uspto-grants-1988_09,ord_dataset-1158e351757f315b93cbcbe7bc55f38e,uspto-grants,data/11/ord_dataset-1158e351757f315b93cbcbe7bc55f38e.parquet
ord_dataset-4d84abdf99524e0fb6c42ab2a3300790,uspto-grants-1988_10,ord_dataset-1158e351757f315b93cbcbe7bc55f38e,uspto-grants,data/11/ord_dataset-1158e351757f315b93cbcbe7bc55f38e.parquet
ord_dataset-ed5a3d1f8dc744759e7fa1c320a44e59,uspto-grants-1988_11,ord_dataset-1158e351757f315b93cbcbe7bc55f38e,uspto-grants,data/11/ord_dataset-1158e351757f315b93cbcbe7bc55f38e.parquet
ord_dataset-2841bde0239a4964a69f490c014a6e43,uspto-grants-1988_12,ord_dataset-1158e351757f315b93cbcbe7bc55f38e,uspto-grants,data/11/ord_dataset-1158e351757f315b93cbcbe7bc55f38e.parquet
ord_dataset-f25e1b7f8ef54305a5170f5395a768c7,uspto-grants-1989_01,ord_dataset-1158e351757f315b93cbcbe7bc55f38e,uspto-grants,data/11/ord_dataset-1158e351757f315b93cbcbe7bc55f38e.parquet
ord_dataset-8537fa92abf34c849134600c0c2bbcc7,uspto-grants-1989_02,ord_dataset-1158e351757f315b93cbcbe7bc55f38e,uspto-grants,data/11/ord_dataset-1158e351757f315b93cbcbe7bc55f38e.parquet
ord_dataset-754e10d30fb249229e130865010ab25b,uspto-grants-1989_03,ord_dataset-1158e351757f315b93cbcbe7bc55f38e,uspto-grants,data/11/ord_dataset-1158e351757f315b93cbcbe7bc55f38e.parquet
ord_dataset-3ec273742a0345ea916ad5fd071167f2,uspto-grants-1989_04,ord_dataset-1158e351757f315b93cbcbe7bc55f38e,uspto-grants,data/11/ord_dataset-1158e351757f315b93cbcbe7bc55f38e.parquet
ord_dataset-be83cbc722064f3696975001242f9f1a,uspto-grants-1989_05,ord_dataset-1158e351757f315b93cbcbe7bc55f38e,uspto-grants,data/11/ord_dataset-1158e351757f315b93cbcbe7bc55f38e.parquet
ord_dataset-d1bd8c96676b4d21aad27b173c6b4eff,uspto-grants-1989_06,ord_dataset-1158e351757f315b93cbcbe7bc55f38e,uspto-grants,data/11/ord_dataset-1158e351757f315b93cbcbe7bc55f38e.parquet
ord_dataset-11b3c3b41eda49e196ec983a65d3b2c0,uspto-grants-1989_07,ord_dataset-1158e351757f315b93cbcbe7bc55f38e,uspto-grants,data/11/ord_dataset-1158e351757f315b93cbcbe7bc55f38e.parquet
ord_dataset-b83b16f2fb1a4f8782f3d82c1766cc6b,uspto-grants-1989_08,ord_dataset-1158e351757f315b93cbcbe7bc55f38e,uspto-grants,data/11/ord_dataset-1158e351757f315b93cbcbe7bc55f38e.parquet
ord_dataset-a58d1baeeea441fb9918c10f18f2cdb9,uspto-grants-1989_09,ord_dataset-1158e351757f315b93cbcbe7bc55f38e,uspto-grants,data/11/ord_dataset-1158e351757f315b93cbcbe7bc55f38e.parquet
ord_dataset-f6fafbb8ce5f4ef099be3a772075ec97,uspto-grants-1989_10,ord_dataset-1158e351757f315b93cbcbe7bc55f38e,uspto-grants,data/11/ord_dataset-1158e351757f315b93cbcbe7bc55f38e.parquet
ord_dataset-aa9e93ade540499c920a9c3b18e8edaa,uspto-grants-1989_11,ord_dataset-1158e351757f315b93cbcbe7bc55f38e,uspto-grants,data/11/ord_dataset-1158e351757f315b93cbcbe7bc55f38e.parquet
ord_dataset-31f00a039ca0424788e5e1970d25a8fd,uspto-grants-1989_12,ord_dataset-1158e351757f315b93cbcbe7bc55f38e,uspto-grants,data/11/ord_dataset-1158e351757f315b93cbcbe7bc55f38e.parquet
ord_dataset-19e5fc80c1554f4f8641c835e055f02b,uspto-grants-1990_01,ord_dataset-1158e351757f315b93cbcbe7bc55f38e,uspto-grants,data/11/ord_dataset-1158e351757f315b93cbcbe7bc55f38e.parquet
ord_dataset-76a008eb2d3f48d891cad325041f3d1e,uspto-grants-1990_02,ord_dataset-1158e351757f315b93cbcbe7bc55f38e,uspto-grants,data/11/ord_dataset-1158e351757f315b93cbcbe7bc55f38e.parquet
ord_dataset-72fffaae67c8473fb9d951cb1b026646,uspto-grants-1990_03,ord_dataset-1158e351757f315b93cbcbe7bc55f38e,uspto-grants,data/11/ord_dataset-1158e351757f315b93cbcbe7bc55f38e.parquet
ord_dataset-dd1de64954674e17b4b690cac09dc67b,uspto-grants-1990_04,ord_dataset-1158e351757f315b93cbcbe7bc55f38e,uspto-grants,data/11/ord_dataset-1158e351757f315b93cbcbe7bc55f38e.parquet
ord_dataset-ac1c7aa04d6c4e588e723e3e05721681,uspto-grants-1990_05,ord_dataset-1158e351757f315b93cbcbe7bc55f38e,uspto-grants,data/11/ord_dataset-1158e351757f315b93cbcbe7bc55f38e.parquet
ord_dataset-e0a818f9350b46cdb184d2ac404ede9f,uspto-grants-1990_06,ord_dataset-1158e351757f315b93cbcbe7bc55f38e,uspto-grants,data/11/ord_dataset-1158e351757f315b93cbcbe7bc55f38e.parquet
ord_dataset-e6e5ffd5405c481d8061087049155f9f,uspto-grants-1990_07,ord_dataset-1158e351757f315b93cbcbe7bc55f38e,uspto-grants,data/11/ord_dataset-1158e351757f315b93cbcbe7bc55f38e.parquet
ord_dataset-b67d30cd146f49dcbf24faee022f1a09,uspto-grants-1990_08,ord_dataset-1158e351757f315b93cbcbe7bc55f38e,uspto-grants,data/11/ord_dataset-1158e351757f315b93cbcbe7bc55f38e.parquet
ord_dataset-5ebf3d05077a4f7fb91a1cd9bdc504d2,uspto-grants-1990_09,ord_dataset-1158e351757f315b93cbcbe7bc55f38e,uspto-grants,data/11/ord_dataset-1158e351757f315b93cbcbe7bc55f38e.parquet
ord_dataset-67ed03c283094854909157b1038e38e3,uspto-grants-1990_10,ord_dataset-1158e351757f315b93cbcbe7bc55f38e,uspto-grants,data/11/ord_dataset-1158e351757f315b93cbcbe7bc55f38e.parquet
ord_dataset-640d007e35e243a286c8b7dd2b77ac1b,uspto-grants-1990_11,ord_dataset-1158e351757f315b93cbcbe7bc55f38e,uspto-grants,data/11/ord_dataset-1158e351757f315b93cbcbe7bc55f38e.parquet
ord_dataset-6cb04513a4a244c0b612b566096f4b3d,uspto-grants-1990_12,ord_dataset-1158e351757f315b93cbcbe7bc55f38e,uspto-grants,data/11/ord_dataset-1158e351757f315b93cbcbe7bc55f38e.parquet
ord_dataset-42629b4cf1094978a5e5f29f22639ee7,uspto-grants-1991_01,ord_dataset-1158e351757f315b93cbcbe7bc55f38e,uspto-grants,data/11/ord_dataset-1158e351757f315b93cbcbe7bc55f38e.parquet
ord_dataset-59f453c3a3d34a89bfd97b6b8b151908,uspto-grants-1991_02,ord_dataset-1158e351757f315b93cbcbe7bc55f38e,uspto-grants,data/11/ord_dataset-1158e351757f315b93cbcbe7bc55f38e.parquet
ord_dataset-1d5bba1436bd42b7a27c43833c25d871,uspto-grants-1991_03,ord_dataset-1158e351757f315b93cbcbe7bc55f38e,uspto-grants,data/11/ord_dataset-1158e351757f315b93cbcbe7bc55f38e.parquet
ord_dataset-67612e25ea9d4b29966a776893a43d59,uspto-grants-1991_04,ord_dataset-1158e351757f315b93cbcbe7bc55f38e,uspto-grants,data/11/ord_dataset-1158e351757f315b93cbcbe7bc55f38e.parquet
ord_dataset-d98d003e9abb4b579746c5a361466e14,uspto-grants-1991_05,ord_dataset-1158e351757f315b93cbcbe7bc55f38e,uspto-grants,data/11/ord_dataset-1158e351757f315b93cbcbe7bc55f38e.parquet
ord_dataset-9adbd9cd2fd941f7af27fb31c9bf3bac,uspto-grants-1991_06,ord_dataset-1158e351757f315b93cbcbe7bc55f38e,uspto-grants,data/11/ord_dataset-1158e351757f315b93cbcbe7bc55f38e.parquet
ord_dataset-67c9ee844bf341888b345c8e36183b40,uspto-grants-1991_07,ord_dataset-1158e351757f315b93cbcbe7bc55f38e,uspto-grants,data/11/ord_dataset-1158e351757f315b93cbcbe7bc55f38e.parquet
ord_dataset-ed79ebfb2fff4cdbbc3a609c8edeac11,uspto-grants-1991_08,ord_dataset-1158e351757f315b93cbcbe7bc55f38e,uspto-grants,data/11/ord_dataset-1158e351757f315b93cbcbe7bc55f38e.parquet
ord_dataset-45d20d09e4d64f45bdd419044025b4d3,uspto-grants-1991_09,ord_dataset-1158e351757f315b93cbcbe7bc55f38e,uspto-grants,data/11/ord_dataset-1158e351757f315b93cbcbe7bc55f38e.parquet
ord_dataset-1acb071a357f438ea5993287375971cf,uspto-grants-1991_10,ord_dataset-1158e351757f315b93cbcbe7bc55f38e,uspto-grants,data/11/ord_dataset-1158e351757f315b93cbcbe7bc55f38e.parquet
ord_dataset-56e7a343b17a4d6da818127ceb19589d,uspto-grants-1991_11,ord_dataset-1158e351757f315b93cbcbe7bc55f38e,uspto-grants,data/11/ord_dataset-1158e351757f315b93cbcbe7bc55f38e.parquet
ord_dataset-960c6b9c4fc74afd90a3ebf713215626,uspto-grants-1991_12,ord_dataset-1158e351757f315b93cbcbe7bc55f38e,uspto-grants,data/11/ord_dataset-1158e351757f315b93cbcbe7bc55f38e.parquet
ord_dataset-685186618e9f4e7aaa72ac40c16ef354,uspto-grants-1992_01,ord_dataset-1158e351757f315b93cbcbe7bc55f38e,uspto-grants,data/11/ord_dataset-1158e351757f315b93cbcbe7bc55f38e.parquet
ord_dataset-9f54014563f44962b72e288618421b97,uspto-grants-1992_02,ord_dataset-1158e351757f315b93cbcbe7bc55f38e,uspto-grants,data/11/ord_dataset-1158e351757f315b93cbcbe7bc55f38e.parquet
ord_dataset-fa3b512e2d924b9b965301ebcba6853d,uspto-grants-1992_03,ord_dataset-1158e351757f315b93cbcbe7bc55f38e,uspto-grants,data/11/ord_dataset-1158e351757f315b93cbcbe7bc55f38e.parquet
ord_dataset-5eb2900a93c842ee98f26c305e657b61,uspto-grants-1992_04,ord_dataset-1158e351757f315b93cbcbe7bc55f38e,uspto-grants,data/11/ord_dataset-1158e351757f315b93cbcbe7bc55f38e.parquet
ord_dataset-75ca79f43dad4cc8a934fe6487fa8eb1,uspto-grants-1992_05,ord_dataset-1158e351757f315b93cbcbe7bc55f38e,uspto-grants,data/11/ord_dataset-1158e351757f315b93cbcbe7bc55f38e.parquet
ord_dataset-4f3b2ca6df1d41ef8b5008f1f39da0e2,uspto-grants-1992_06,ord_dataset-1158e351757f315b93cbcbe7bc55f38e,uspto-grants,data/11/ord_dataset-1158e351757f315b93cbcbe7bc55f38e.parquet
ord_dataset-41ea179beba54bed8cd874a5ec3469f7,uspto-grants-1992_07,ord_dataset-1158e351757f315b93cbcbe7bc55f38e,uspto-grants,data/11/ord_dataset-1158e351757f315b93cbcbe7bc55f38e.parquet
ord_dataset-49bd993346b64eeeb2a8fe2643164a0a,uspto-grants-1992_08,ord_dataset-1158e351757f315b93cbcbe7bc55f38e,uspto-grants,data/11/ord_dataset-1158e351757f315b93cbcbe7bc55f38e.parquet
ord_dataset-cf82113c6dd341d4a014b4667994f01c,uspto-grants-1992_09,ord_dataset-1158e351757f315b93cbcbe7bc55f38e,uspto-grants,data/11/ord_dataset-1158e351757f315b93cbcbe7bc55f38e.parquet
ord_dataset-30ad5cf6083a45a387b45bebad1a4d65,uspto-grants-1992_10,ord_dataset-1158e351757f315b93cbcbe7bc55f38e,uspto-grants,data/11/ord_dataset-1158e351757f315b93cbcbe7bc55f38e.parquet
ord_dataset-2369b9b9f44641b1930518c59ae89a95,uspto-grants-1992_11,ord_dataset-1158e351757f315b93cbcbe7bc55f38e,uspto-grants,data/11/ord_dataset-1158e351757f315b93cbcbe7bc55f38e.parquet
ord_dataset-b17fdf55f5f945a48d47a588fc255573,uspto-grants-1992_12,ord_dataset-1158e351757f315b93cbcbe7bc55f38e,uspto-grants,data/11/ord_dataset-1158e351757f315b93cbcbe7bc55f38e.parquet
ord_dataset-ab5ba9f863cb41d9924be0bb3c730818,uspto-grants-1993_01,ord_dataset-1158e351757f315b93cbcbe7bc55f38e,uspto-grants,data/11/ord_dataset-1158e351757f315b93cbcbe7bc55f38e.parquet
ord_dataset-ddb1b60bec5c45e9a2938b6dac04376c,uspto-grants-1993_02,ord_dataset-1158e351757f315b93cbcbe7bc55f38e,uspto-grants,data/11/ord_dataset-1158e351757f315b93cbcbe7bc55f38e.parquet
ord_dataset-a7bd0db0684c464bb02ff6a36065fee3,uspto-grants-1993_03,ord_dataset-1158e351757f315b93cbcbe7bc55f38e,uspto-grants,data/11/ord_dataset-1158e351757f315b93cbcbe7bc55f38e.parquet
ord_dataset-a2ae447c4340438c8c3a827109aeb425,uspto-grants-1993_04,ord_dataset-1158e351757f315b93cbcbe7bc55f38e,uspto-grants,data/11/ord_dataset-1158e351757f315b93cbcbe7bc55f38e.parquet
ord_dataset-134cf2fa32ab464880d75db06c38f35a,uspto-grants-1993_05,ord_dataset-1158e351757f315b93cbcbe7bc55f38e,uspto-grants,data/11/ord_dataset-1158e351757f315b93cbcbe7bc55f38e.parquet
ord_dataset-a20aed058d7b40bc81fdf50bc5b03f97,uspto-grants-1993_06,ord_dataset-1158e351757f315b93cbcbe7bc55f38e,uspto-grants,data/11/ord_dataset-1158e351757f315b93cbcbe7bc55f38e.parquet
ord_dataset-347c0709d28a44dea43ca42052be4db3,uspto-grants-1993_07,ord_dataset-1158e351757f315b93cbcbe7bc55f38e,uspto-grants,data/11/ord_dataset-1158e351757f315b93cbcbe7bc55f38e.parquet
ord_dataset-ee287d49cb8642e59ae9c3951f746312,uspto-grants-1993_08,ord_dataset-1158e351757f315b93cbcbe7bc55f38e,uspto-grants,data/11/ord_dataset-1158e351757f315b93cbcbe7bc55f38e.parquet
ord_dataset-02ee2261663048188cf6d85d2cc96e3f,uspto-grants-1993_09,ord_dataset-1158e351757f315b93cbcbe7bc55f38e,uspto-grants,data/11/ord_dataset-1158e351757f315b93cbcbe7bc55f38e.parquet
ord_dataset-ad17798fcea64e26ba91604fca520090,uspto-grants-1993_10,ord_dataset-1158e351757f315b93cbcbe7bc55f38e,uspto-grants,data/11/ord_dataset-1158e351757f315b93cbcbe7bc55f38e.parquet
ord_dataset-140fb5527ff24f97bcf0094c5d100120,uspto-grants-1993_11,ord_dataset-1158e351757f315b93cbcbe7bc55f38e,uspto-grants,data/11/ord_dataset-1158e351757f315b93cbcbe7bc55f38e.parquet
ord_dataset-1953a9402dda47b6bcfe3e3cb9ab8a07,uspto-grants-1993_12,ord_dataset-1158e351757f315b93cbcbe7bc55f38e,uspto-grants,data/11/ord_dataset-1158e351757f315b93cbcbe7bc55f38e.parquet
ord_dataset-769fac6048e548eca2d49e48f972884b,uspto-grants-1994_01,ord_dataset-1158e351757f315b93cbcbe7bc55f38e,uspto-grants,data/11/ord_dataset-1158e351757f315b93cbcbe7bc55f38e.parquet
ord_dataset-d63ab258f4634f87bdebbaff0a341c28,uspto-grants-1994_02,ord_dataset-1158e351757f315b93cbcbe7bc55f38e,uspto-grants,data/11/ord_dataset-1158e351757f315b93cbcbe7bc55f38e.parquet
ord_dataset-3577d334f6eb4dc4bd73564fee3f0dfc,uspto-grants-1994_03,ord_dataset-1158e351757f315b93cbcbe7bc55f38e,uspto-grants,data/11/ord_dataset-1158e351757f315b93cbcbe7bc55f38e.parquet
ord_dataset-96711be098434bc9ab567cb77fa3362b,uspto-grants-1994_04,ord_dataset-1158e351757f315b93cbcbe7bc55f38e,uspto-grants,data/11/ord_dataset-1158e351757f315b93cbcbe7bc55f38e.parquet
ord_dataset-5fb693db3950403e9ce1a516570153bf,uspto-grants-1994_05,ord_dataset-1158e351757f315b93cbcbe7bc55f38e,uspto-grants,data/11/ord_dataset-1158e351757f315b93cbcbe7bc55f38e.parquet
ord_dataset-6c3ec086c8c9475e8d31a44641b49e02,uspto-grants-1994_06,ord_dataset-1158e351757f315b93cbcbe7bc55f38e,uspto-grants,data/11/ord_dataset-1158e351757f315b93cbcbe7bc55f38e.parquet
ord_dataset-b90b48a6c23149a1aa2d91b92b1a31e4,uspto-grants-1994_07,ord_dataset-1158e351757f315b93cbcbe7bc55f38e,uspto-grants,data/11/ord_dataset-1158e351757f315b93cbcbe7bc55f38e.parquet
ord_dataset-bb4579c57ddc48c6a01fad97dacb6293,uspto-grants-1994_08,ord_dataset-1158e351757f315b93cbcbe7bc55f38e,uspto-grants,data/11/ord_dataset-1158e351757f315b93cbcbe7bc55f38e.parquet
ord_dataset-ec7cb3d5a8704f64b01d401ea555974f,uspto-grants-1994_09,ord_dataset-1158e351757f315b93cbcbe7bc55f38e,uspto-grants,data/11/ord_dataset-1158e351757f315b93cbcbe7bc55f38e.parquet
ord_dataset-b6309a86b70f4ca08fd301828cacf950,uspto-grants-1994_10,ord_dataset-1158e351757f315b93cbcbe7bc55f38e,uspto-grants,data/11/ord_dataset-1158e351757f315b93cbcbe7bc55f38e.parquet
ord_dataset-fb70ed83140e4f53a907d87192ad748c,uspto-grants-1994_11,ord_dataset-1158e351757f315b93cbcbe7bc55f38e,uspto-grants,data/11/ord_dataset-1158e351757f315b93cbcbe7bc55f38e.parquet
ord_dataset-9ad0840101374618a7d5c4e4521c82d1,uspto-grants-1994_12,ord_dataset-1158e351757f315b93cbcbe7bc55f38e,uspto-grants,data/11/ord_dataset-1158e351757f315b93cbcbe7bc55f38e.parquet
ord_dataset-bfcf5a01f1a04ec585ba3f28cb93c8c9,uspto-grants-1995_01,ord_dataset-1158e351757f315b93cbcbe7bc55f38e,uspto-grants,data/11/ord_dataset-1158e351757f315b93cbcbe7bc55f38e.parquet
ord_dataset-180e296d6d6245638d4d22a59120ea01,uspto-grants-1995_02,ord_dataset-1158e351757f315b93cbcbe7bc55f38e,uspto-grants,data/11/ord_dataset-1158e351757f315b93cbcbe7bc55f38e.parquet
ord_dataset-a6643d22de674f30a85ba57198b82644,uspto-grants-1995_03,ord_dataset-1158e351757f315b93cbcbe7bc55f38e,uspto-grants,data/11/ord_dataset-1158e351757f315b93cbcbe7bc55f38e.parquet
ord_dataset-acbdbaa766314b66a982823354e82bf2,uspto-grants-1995_04,ord_dataset-1158e351757f315b93cbcbe7bc55f38e,uspto-grants,data/11/ord_dataset-1158e351757f315b93cbcbe7bc55f38e.parquet
ord_dataset-081613ef79bd4110aacc146b4465f086,uspto-grants-1995_05,ord_dataset-1158e351757f315b93cbcbe7bc55f38e,uspto-grants,data/11/ord_dataset-1158e351757f315b93cbcbe7bc55f38e.parquet
ord_dataset-04982f13ed08448d93df6794846500f3,uspto-grants-1995_06,ord_dataset-1158e351757f315b93cbcbe7bc55f38e,uspto-grants,data/11/ord_dataset-1158e351757f315b93cbcbe7bc55f38e.parquet
ord_dataset-abe42048f0b84fa88446cee56a31e967,uspto-grants-1995_07,ord_dataset-1158e351757f315b93cbcbe7bc55f38e,uspto-grants,data/11/ord_dataset-1158e351757f315b93cbcbe7bc55f38e.parquet
ord_dataset-bd998d3fe946475e835418aaf647c00d,uspto-grants-1995_08,ord_dataset-1158e351757f315b93cbcbe7bc55f38e,uspto-grants,data/11/ord_dataset-1158e351757f315b93cbcbe7bc55f38e.parquet
ord_dataset-fd1553bae35046c7a67523ff472cb5c3,uspto-grants-1995_09,ord_dataset-1158e351757f315b93cbcbe7bc55f38e,uspto-grants,data/11/ord_dataset-1158e351757f315b93cbcbe7bc55f38e.parquet
ord_dataset-eb32c2b9cbdf4fc39ce6c9fe0fa11430,uspto-grants-1995_10,ord_dataset-1158e351757f315b93cbcbe7bc55f38e,uspto-grants,data/11/ord_dataset-1158e351757f315b93cbcbe7bc55f38e.parquet
ord_dataset-0c61835e3a0b4986aabf2b61b708e322,uspto-grants-1995_11,ord_dataset-1158e351757f315b93cbcbe7bc55f38e,uspto-grants,data/11/ord_dataset-1158e351757f315b93cbcbe7bc55f38e.parquet
ord_dataset-eed8d32c2f1d46a89ba39d04dfaa83b1,uspto-grants-1995_12,ord_dataset-1158e351757f315b93cbcbe7bc55f38e,uspto-grants,data/11/ord_dataset-1158e351757f315b93cbcbe7bc55f38e.parquet
ord_dataset-24ad29d930104afea313b6c3bd11099e,uspto-grants-1996_01,ord_dataset-1158e351757f315b93cbcbe7bc55f38e,uspto-grants,data/11/ord_dataset-1158e351757f315b93cbcbe7bc55f38e.parquet
ord_dataset-fc4cd2699fc04ecbb7c7c831849e6b22,uspto-grants-1996_02,ord_dataset-1158e351757f315b93cbcbe7bc55f38e,uspto-grants,data/11/ord_dataset-1158e351757f315b93cbcbe7bc55f38e.parquet
ord_dataset-8fe3c7256e6747e59933c880f5f642a0,uspto-grants-1996_03,ord_dataset-1158e351757f315b93cbcbe7bc55f38e,uspto-grants,data/11/ord_dataset-1158e351757f315b93cbcbe7bc55f38e.parquet
ord_dataset-b832171fa1674c469fbd33bc0ca1d5f1,uspto-grants-1996_04,ord_dataset-1158e351757f315b93cbcbe7bc55f38e,uspto-grants,data/11/ord_dataset-1158e351757f315b93cbcbe7bc55f38e.parquet
ord_dataset-2c460e2ef9934444aaf26fec1f75741f,uspto-grants-1996_05,ord_dataset-1158e351757f315b93cbcbe7bc55f38e,uspto-grants,data/11/ord_dataset-1158e351757f315b93cbcbe7bc55f38e.parquet
ord_dataset-1558660634294cc8ad7e01746e9083fd,uspto-grants-1996_06,ord_dataset-1158e351757f315b93cbcbe7bc55f38e,uspto-grants,data/11/ord_dataset-1158e351757f315b93cbcbe7bc55f38e.parquet
ord_dataset-ba1248d90e3e465693710bbc45866f37,uspto-grants-1996_07,ord_dataset-1158e351757f315b93cbcbe7bc55f38e,uspto-grants,data/11/ord_dataset-1158e351757f315b93cbcbe7bc55f38e.parquet
ord_dataset-65c44df6676d4ce3a1874db5d7958ca9,uspto-grants-1996_08,ord_dataset-1158e351757f315b93cbcbe7bc55f38e,uspto-grants,data/11/ord_dataset-1158e351757f315b93cbcbe7bc55f38e.parquet
ord_dataset-4706e7a7f3cd421bb42b7f877cff8af9,uspto-grants-1996_09,ord_dataset-1158e351757f315b93cbcbe7bc55f38e,uspto-grants,data/11/ord_dataset-1158e351757f315b93cbcbe7bc55f38e.parquet
ord_dataset-4c84bc8a34e1469aa1b156355c91cdcc,uspto-grants-1996_10,ord_dataset-1158e351757f315b93cbcbe7bc55f38e,uspto-grants,data/11/ord_dataset-1158e351757f315b93cbcbe7bc55f38e.parquet
ord_dataset-d0003732f14e4648a00d341275654590,uspto-grants-1996_11,ord_dataset-1158e351757f315b93cbcbe7bc55f38e,uspto-grants,data/11/ord_dataset-1158e351757f315b93cbcbe7bc55f38e.parquet
ord_dataset-66f304805e5d47fc8d3c722b1bd8dfa2,uspto-grants-1996_12,ord_dataset-1158e351757f315b93cbcbe7bc55f38e,uspto-grants,data/11/ord_dataset-1158e351757f315b93cbcbe7bc55f38e.parquet
ord_dataset-127eb5fdd5b4402e92b51d0b55a5dcb5,uspto-grants-1997_01,ord_dataset-1158e351757f315b93cbcbe7bc55f38e,uspto-grants,data/11/ord_dataset-1158e351757f315b93cbcbe7bc55f38e.parquet
ord_dataset-930bf31b476c482e8ba87824089eb600,uspto-grants-1997_02,ord_dataset-1158e351757f315b93cbcbe7bc55f38e,uspto-grants,data/11/ord_dataset-1158e351757f315b93cbcbe7bc55f38e.parquet
ord_dataset-58ec5adfcd8648dc9e26ee757d289517,uspto-grants-1997_03,ord_dataset-1158e351757f315b93cbcbe7bc55f38e,uspto-grants,data/11/ord_dataset-1158e351757f315b93cbcbe7bc55f38e.parquet
ord_dataset-0b24d1f58a024ed7bc2bda95b2430c72,uspto-grants-1997_04,ord_dataset-1158e351757f315b93cbcbe7bc55f38e,uspto-grants,data/11/ord_dataset-1158e351757f315b93cbcbe7bc55f38e.parquet
ord_dataset-c2ad1656a3ca4d08888ffb6e3f3a2742,uspto-grants-1997_05,ord_dataset-1158e351757f315b93cbcbe7bc55f38e,uspto-grants,data/11/ord_dataset-1158e351757f315b93cbcbe7bc55f38e.parquet
ord_dataset-b18df02d6e9345faa0f2dae281a0870a,uspto-grants-1997_06,ord_dataset-1158e351757f315b93cbcbe7bc55f38e,uspto-grants,data/11/ord_dataset-1158e351757f315b93cbcbe7bc55f38e.parquet
ord_dataset-15cdba4c7f064b3f9cd7343cb3187881,uspto-grants-1997_07,ord_dataset-1158e351757f315b93cbcbe7bc55f38e,uspto-grants,data/11/ord_dataset-1158e351757f315b93cbcbe7bc55f38e.parquet
ord_dataset-ee5599340390470d8e5b5ac1feddf9d6,uspto-grants-1997_08,ord_dataset-1158e351757f315b93cbcbe7bc55f38e,uspto-grants,data/11/ord_dataset-1158e351757f315b93cbcbe7bc55f38e.parquet
ord_dataset-846d411edee44814931e062174d7ef12,uspto-grants-1997_09,ord_dataset-1158e351757f315b93cbcbe7bc55f38e,uspto-grants,data/11/ord_dataset-1158e351757f315b93cbcbe7bc55f38e.parquet
ord_dataset-993feac5ecf54388aa6326a220e46db3,uspto-grants-1997_10,ord_dataset-1158e351757f315b93cbcbe7bc55f38e,uspto-grants,data/11/ord_dataset-1158e351757f315b93cbcbe7bc55f38e.parquet
ord_dataset-f367d8d2baac490b9204609a79420961,uspto-grants-1997_11,ord_dataset-1158e351757f315b93cbcbe7bc55f38e,uspto-grants,data/11/ord_dataset-1158e351757f315b93cbcbe7bc55f38e.parquet
ord_dataset-d330662edaed408d950898172aba7a4c,uspto-grants-1997_12,ord_dataset-1158e351757f315b93cbcbe7bc55f38e,uspto-grants,data/11/ord_dataset-1158e351757f315b93cbcbe7bc55f38e.parquet
ord_dataset-44d518e567bd4c039d77233023f78bb2,uspto-grants-1998_01,ord_dataset-1158e351757f315b93cbcbe7bc55f38e,uspto-grants,data/11/ord_dataset-1158e351757f315b93cbcbe7bc55f38e.parquet
ord_dataset-4bc8addcf9cf4845817557760d62d5b5,uspto-grants-1998_02,ord_dataset-1158e351757f315b93cbcbe7bc55f38e,uspto-grants,data/11/ord_dataset-1158e351757f315b93cbcbe7bc55f38e.parquet
ord_dataset-018fd0e1351f4fd09b20fcddd97b4c7a,uspto-grants-1998_03,ord_dataset-1158e351757f315b93cbcbe7bc55f38e,uspto-grants,data/11/ord_dataset-1158e351757f315b93cbcbe7bc55f38e.parquet
ord_dataset-a4a191e812a64d0598ea918f047e8da7,uspto-grants-1998_04,ord_dataset-1158e351757f315b93cbcbe7bc55f38e,uspto-grants,data/11/ord_dataset-1158e351757f315b93cbcbe7bc55f38e.parquet
ord_dataset-7fed188163cf4ccca934ec71504c7f8a,uspto-grants-1998_05,ord_dataset-1158e351757f315b93cbcbe7bc55f38e,uspto-grants,data/11/ord_dataset-1158e351757f315b93cbcbe7bc55f38e.parquet
ord_dataset-55e306db9b6b4befbc22504c12b7113d,uspto-grants-1998_06,ord_dataset-1158e351757f315b93cbcbe7bc55f38e,uspto-grants,data/11/ord_dataset-1158e351757f315b93cbcbe7bc55f38e.parquet
ord_dataset-d5bb2294ac964841b8ffc9e0a34e93af,uspto-grants-1998_07,ord_dataset-1158e351757f315b93cbcbe7bc55f38e,uspto-grants,data/11/ord_dataset-1158e351757f315b93cbcbe7bc55f38e.parquet
ord_dataset-324fb6fdc2414cb79e436bf5d04d4bd2,uspto-grants-1998_08,ord_dataset-1158e351757f315b93cbcbe7bc55f38e,uspto-grants,data/11/ord_dataset-1158e351757f315b93cbcbe7bc55f38e.parquet
ord_dataset-fbdd058349aa456f812e3546c84baab5,uspto-grants-1998_09,ord_dataset-1158e351757f315b93cbcbe7bc55f38e,uspto-grants,data/11/ord_dataset-1158e351757f315b93cbcbe7bc55f38e.parquet
ord_dataset-275344fd078b4340b89ca0b6e92beb95,uspto-grants-1998_10,ord_dataset-1158e351757f315b93cbcbe7bc55f38e,uspto-grants,data/11/ord_dataset-1158e351757f315b93cbcbe7bc55f38e.parquet
ord_dataset-1cb9d78632144c5f8acfc3e9ff388678,uspto-grants-1998_11,ord_dataset-1158e351757f315b93cbcbe7bc55f38e,uspto-grants,data/11/ord_dataset-1158e351757f315b93cbcbe7bc55f38e.parquet
ord_dataset-94e21e9990034c729ea727e7d2ab0eb0,uspto-grants-1998_12,ord_dataset-1158e351757f315b93cbcbe7bc55f38e,uspto-grants,data/11/ord_dataset-1158e351757f315b93cbcbe7bc55f38e.parquet
ord_dataset-1a231de00bfe4443b547e1f03885ed41,uspto-grants-1999_01,ord_dataset-1158e351757f315b93cbcbe7bc55f38e,uspto-grants,data/11/ord_dataset-1158e351757f315b93cbcbe7bc55f38e.parquet
ord_dataset-1ecf96d88f254270bff816ee7eeffef6,uspto-grants-1999_02,ord_dataset-1158e351757f315b93cbcbe7bc55f38e,uspto-grants,data/11/ord_dataset-1158e351757f315b93cbcbe7bc55f38e.parquet
ord_dataset-8cce6f317d644b348a7978a2dce3ea01,uspto-grants-1999_03,ord_dataset-1158e351757f315b93cbcbe7bc55f38e,uspto-grants,data/11/ord_dataset-1158e351757f315b93cbcbe7bc55f38e.parquet
ord_dataset-2d21ceeb77844edc9eaedb2fabca2ff1,uspto-grants-1999_04,ord_dataset-1158e351757f315b93cbcbe7bc55f38e,uspto-grants,data/11/ord_dataset-1158e351757f315b93cbcbe7bc55f38e.parquet
ord_dataset-64e3763e75b242749501bacdc0c8baef,uspto-grants-1999_05,ord_dataset-1158e351757f315b93cbcbe7bc55f38e,uspto-grants,data/11/ord_dataset-1158e351757f315b93cbcbe7bc55f38e.parquet
ord_dataset-8cbb58558c904b2b85fa7a1b084a0de9,uspto-grants-1999_06,ord_dataset-1158e351757f315b93cbcbe7bc55f38e,uspto-grants,data/11/ord_dataset-1158e351757f315b93cbcbe7bc55f38e.parquet
ord_dataset-386da077ab2340638cada986e2ef0770,uspto-grants-1999_07,ord_dataset-1158e351757f315b93cbcbe7bc55f38e,uspto-grants,data/11/ord_dataset-1158e351757f315b93cbcbe7bc55f38e.parquet
ord_dataset-a1e9aa99368e4e5da8b1786b1c05521d,uspto-grants-1999_08,ord_dataset-1158e351757f315b93cbcbe7bc55f38e,uspto-grants,data/11/ord_dataset-1158e351757f315b93cbcbe7bc55f38e.parquet
ord_dataset-3e8f24b5bc8e4d8bb9b6e7e89a956e12,uspto-grants-1999_09,ord_dataset-1158e351757f315b93cbcbe7bc55f38e,uspto-grants,data/11/ord_dataset-1158e351757f315b93cbcbe7bc55f38e.parquet
ord_dataset-ba7561dae3884c07a8beddd0b9f1222e,uspto-grants-1999_10,ord_dataset-1158e351757f315b93cbcbe7bc55f38e,uspto-grants,data/11/ord_dataset-1158e351757f315b93cbcbe7bc55f38e.parquet
ord_dataset-a4f0b79f6b9847168861270b79f84afa,uspto-grants-1999_11,ord_dataset-1158e351757f315b93cbcbe7bc55f38e,uspto-grants,data/11/ord_dataset-1158e351757f315b93cbcbe7bc55f38e.parquet
ord_dataset-3bcdb559226a40d89406474c02d082d1,uspto-grants-1999_12,ord_dataset-1158e351757f315b93cbcbe7bc55f38e,uspto-grants,data/11/ord_dataset-1158e351757f315b93cbcbe7bc55f38e.parquet
ord_dataset-4a5b4fffffb34daa876fff1f127a4135,uspto-grants-2000_01,ord_dataset-1158e351757f315b93cbcbe7bc55f38e,uspto-grants,data/11/ord_dataset-1158e351757f315b93cbcbe7bc55f38e.parquet
ord_dataset-2501595af7f242268dbaab34c9e7ae56,uspto-grants-2000_02,ord_dataset-1158e351757f315b93cbcbe7bc55f38e,uspto-grants,data/11/ord_dataset-1158e351757f315b93cbcbe7bc55f38e.parquet
ord_dataset-aa5bc55d09b7465ab353e144a7ac3ad1,uspto-grants-2000_03,ord_dataset-1158e351757f315b93cbcbe7bc55f38e,uspto-grants,data/11/ord_dataset-1158e351757f315b93cbcbe7bc55f38e.parquet
ord_dataset-5ca9db262dd24c5a9315cdc8ef055b7e,uspto-grants-2000_04,ord_dataset-1158e351757f315b93cbcbe7bc55f38e,uspto-grants,data/11/ord_dataset-1158e351757f315b93cbcbe7bc55f38e.parquet
ord_dataset-6c36eb0f817d4144988b8963c5d58879,uspto-grants-2000_05,ord_dataset-1158e351757f315b93cbcbe7bc55f38e,uspto-grants,data/11/ord_dataset-1158e351757f315b93cbcbe7bc55f38e.parquet
ord_dataset-8cd3720738054d76b936f66e14d8cba6,uspto-grants-2000_06,ord_dataset-1158e351757f315b93cbcbe7bc55f38e,uspto-grants,data/11/ord_dataset-1158e351757f315b93cbcbe7bc55f38e.parquet
ord_dataset-f1b9e9741a6a4cc68e7070df811f86bb,uspto-grants-2000_07,ord_dataset-1158e351757f315b93cbcbe7bc55f38e,uspto-grants,data/11/ord_dataset-1158e351757f315b93cbcbe7bc55f38e.parquet
ord_dataset-cd531114850e4f239b2a3661044ae672,uspto-grants-2000_08,ord_dataset-1158e351757f315b93cbcbe7bc55f38e,uspto-grants,data/11/ord_dataset-1158e351757f315b93cbcbe7bc55f38e.parquet
ord_dataset-d56f0a7ec215495c92e641d9fa932d28,uspto-grants-2000_09,ord_dataset-1158e351757f315b93cbcbe7bc55f38e,uspto-grants,data/11/ord_dataset-1158e351757f315b93cbcbe7bc55f38e.parquet
ord_dataset-21c1b1c06c7e4e09a38b5b1c71a32e52,uspto-grants-2000_10,ord_dataset-1158e351757f315b93cbcbe7bc55f38e,uspto-grants,data/11/ord_dataset-1158e351757f315b93cbcbe7bc55f38e.parquet
ord_dataset-cb5c1a9eddff4790b1bd650617c32d34,uspto-grants-2000_11,ord_dataset-1158e351757f315b93cbcbe7bc55f38e,uspto-grants,data/11/ord_dataset-1158e351757f315b93cbcbe7bc55f38e.parquet
ord_dataset-7b02d32cc502407f94aea8e5caf405a2,uspto-grants-2000_12,ord_dataset-1158e351757f315b93cbcbe7bc55f38e,uspto-grants,data/11/ord_dataset-1158e351757f315b93cbcbe7bc55f38e.parquet
ord_dataset-37b0416f244344a08cf357e851eedf2a,uspto-grants-2001_01,ord_dataset-1158e351757f315b93cbcbe7bc55f38e,uspto-grants,data/11/ord_dataset-1158e351757f315b93cbcbe7bc55f38e.parquet
ord_dataset-3f9174c7efcb4f31becbd3516cde9572,uspto-grants-2001_02,ord_dataset-1158e351757f315b93cbcbe7bc55f38e,uspto-grants,data/11/ord_dataset-1158e351757f315b93cbcbe7bc55f38e.parquet
ord_dataset-9df8b3ec9c8742b3802e0efaac6f6ef3,uspto-grants-2001_03,ord_dataset-1158e351757f315b93cbcbe7bc55f38e,uspto-grants,data/11/ord_dataset-1158e351757f315b93cbcbe7bc55f38e.parquet
ord_dataset-18e9ed24dbd44e98b33bdc22aa7580a8,uspto-grants-2001_04,ord_dataset-1158e351757f315b93cbcbe7bc55f38e,uspto-grants,data/11/ord_dataset-1158e351757f315b93cbcbe7bc55f38e.parquet
ord_dataset-d673d02cdac14dba9ff59f12845a4f37,uspto-grants-2001_05,ord_dataset-1158e351757f315b93cbcbe7bc55f38e,uspto-grants,data/11/ord_dataset-1158e351757f315b93cbcbe7bc55f38e.parquet
ord_dataset-631d58dab387485c8eb0db4c20a232b7,uspto-grants-2001_06,ord_dataset-1158e351757f315b93cbcbe7bc55f38e,uspto-grants,data/11/ord_dataset-1158e351757f315b93cbcbe7bc55f38e.parquet
ord_dataset-85c00026681b46f89ef8634d2b8618c3,uspto-grants-2001_07,ord_dataset-1158e351757f315b93cbcbe7bc55f38e,uspto-grants,data/11/ord_dataset-1158e351757f315b93cbcbe7bc55f38e.parquet
ord_dataset-41760195182e4bb4bc779bd722456071,uspto-grants-2001_08,ord_dataset-1158e351757f315b93cbcbe7bc55f38e,uspto-grants,data/11/ord_dataset-1158e351757f315b93cbcbe7bc55f38e.parquet
ord_dataset-a495451286334c5c9bbcbd48a00c1350,uspto-grants-2001_09,ord_dataset-1158e351757f315b93cbcbe7bc55f38e,uspto-grants,data/11/ord_dataset-1158e351757f315b93cbcbe7bc55f38e.parquet
ord_dataset-262b40ea420c471da9b9244fe9b8f645,uspto-grants-2001_10,ord_dataset-1158e351757f315b93cbcbe7bc55f38e,uspto-grants,data/11/ord_dataset-1158e351757f315b93cbcbe7bc55f38e.parquet
ord_dataset-293186f5c9b441cab57f03cd3a18ac26,uspto-grants-2001_11,ord_dataset-1158e351757f315b93cbcbe7bc55f38e,uspto-grants,data/11/ord_dataset-1158e351757f315b93cbcbe7bc55f38e.parquet
ord_dataset-f027aa93238e424fbbf9bad1c7699adc,uspto-grants-2001_12,ord_dataset-1158e351757f315b93cbcbe7bc55f38e,uspto-grants,data/11/ord_dataset-1158e351757f315b93cbcbe7bc55f38e.parquet
ord_dataset-7774db17e619477ea20ee621abe71257,uspto-grants-2002_01,ord_dataset-1158e351757f315b93cbcbe7bc55f38e,uspto-grants,data/11/ord_dataset-1158e351757f315b93cbcbe7bc55f38e.parquet
ord_dataset-b1a34bc8c1204d51a772ed27396c794e,uspto-grants-2002_02,ord_dataset-1158e351757f315b93cbcbe7bc55f38e,uspto-grants,data/11/ord_dataset-1158e351757f315b93cbcbe7bc55f38e.parquet
ord_dataset-1884c7bf3d544afdb8d17b5d41b90a27,uspto-grants-2002_03,ord_dataset-1158e351757f315b93cbcbe7bc55f38e,uspto-grants,data/11/ord_dataset-1158e351757f315b93cbcbe7bc55f38e.parquet
ord_dataset-49124ff635234889bd8dcfe87f4f9013,uspto-grants-2002_04,ord_dataset-1158e351757f315b93cbcbe7bc55f38e,uspto-grants,data/11/ord_dataset-1158e351757f315b93cbcbe7bc55f38e.parquet
ord_dataset-d31180f42ced44719fd9e72685c798bf,uspto-grants-2002_05,ord_dataset-1158e351757f315b93cbcbe7bc55f38e,uspto-grants,data/11/ord_dataset-1158e351757f315b93cbcbe7bc55f38e.parquet
ord_dataset-e967d076b4894c2c854795f019ed3c39,uspto-grants-2002_06,ord_dataset-1158e351757f315b93cbcbe7bc55f38e,uspto-grants,data/11/ord_dataset-1158e351757f315b93cbcbe7bc55f38e.parquet
ord_dataset-ec9decb576c4424c9685993f6262bd9c,uspto-grants-2002_07,ord_dataset-1158e351757f315b93cbcbe7bc55f38e,uspto-grants,data/11/ord_dataset-1158e351757f315b93cbcbe7bc55f38e.parquet
ord_dataset-f483e698250b4da0a84f425c7bfa965a,uspto-grants-2002_08,ord_dataset-1158e351757f315b93cbcbe7bc55f38e,uspto-grants,data/11/ord_dataset-1158e351757f315b93cbcbe7bc55f38e.parquet
ord_dataset-7c28974b7fcf4c9c86d5f2a42ba328a2,uspto-grants-2002_09,ord_dataset-1158e351757f315b93cbcbe7bc55f38e,uspto-grants,data/11/ord_dataset-1158e351757f315b93cbcbe7bc55f38e.parquet
ord_dataset-5c8a417a8ba04cf0b7f78b9db9af1d01,uspto-grants-2002_10,ord_dataset-1158e351757f315b93cbcbe7bc55f38e,uspto-grants,data/11/ord_dataset-1158e351757f315b93cbcbe7bc55f38e.parquet
ord_dataset-5e1b2445a3d94ea592ddf2c284118a1e,uspto-grants-2002_11,ord_dataset-1158e351757f315b93cbcbe7bc55f38e,uspto-grants,data/11/ord_dataset-1158e351757f315b93cbcbe7bc55f38e.parquet
ord_dataset-f4512fe8cd804ac79da66cbc0c2b9d42,uspto-grants-2002_12,ord_dataset-1158e351757f315b93cbcbe7bc55f38e,uspto-grants,data/11/ord_dataset-1158e351757f315b93cbcbe7bc55f38e.parquet
ord_dataset-a9ba4801408c4b01922886164c10a391,uspto-grants-2003_01,ord_dataset-1158e351757f315b93cbcbe7bc55f38e,uspto-grants,data/11/ord_dataset-1158e351757f315b93cbcbe7bc55f38e.parquet
ord_dataset-60f3171f0342452f8814e7f294e2be8b,uspto-grants-2003_02,ord_dataset-1158e351757f315b93cbcbe7bc55f38e,uspto-grants,data/11/ord_dataset-1158e351757f315b93cbcbe7bc55f38e.parquet
ord_dataset-cb5dd7a8b94e4f19a9148a1904b0dcb6,uspto-grants-2003_03,ord_dataset-1158e351757f315b93cbcbe7bc55f38e,uspto-grants,data/11/ord_dataset-1158e351757f315b93cbcbe7bc55f38e.parquet
ord_dataset-7a74d48eeefd45aba53e7258f3ae067a,uspto-grants-2003_04,ord_dataset-1158e351757f315b93cbcbe7bc55f38e,uspto-grants,data/11/ord_dataset-1158e351757f315b93cbcbe7bc55f38e.parquet
ord_dataset-278fb6af8a994ac69e4d95e6e6eff756,uspto-grants-2003_05,ord_dataset-1158e351757f315b93cbcbe7bc55f38e,uspto-grants,data/11/ord_dataset-1158e351757f315b93cbcbe7bc55f38e.parquet
ord_dataset-843ef38b45484f72826f5f39d8a29c4d,uspto-grants-2003_06,ord_dataset-1158e351757f315b93cbcbe7bc55f38e,uspto-grants,data/11/ord_dataset-1158e351757f315b93cbcbe7bc55f38e.parquet
ord_dataset-82e842e611ef4a05b6e7f9ea0a46d52d,uspto-grants-2003_07,ord_dataset-1158e351757f315b93cbcbe7bc55f38e,uspto-grants,data/11/ord_dataset-1158e351757f315b93cbcbe7bc55f38e.parquet
ord_dataset-273fda773e864aaf9b71a30a2d9f2162,uspto-grants-2003_08,ord_dataset-1158e351757f315b93cbcbe7bc55f38e,uspto-grants,data/11/ord_dataset-1158e351757f315b93cbcbe7bc55f38e.parquet
ord_dataset-73916d628db147c89020b3baac642d48,uspto-grants-2003_09,ord_dataset-1158e351757f315b93cbcbe7bc55f38e,uspto-grants,data/11/ord_dataset-1158e351757f315b93cbcbe7bc55f38e.parquet
ord_dataset-5c4ee54447b84205a10f9c0473172972,uspto-grants-2003_10,ord_dataset-1158e351757f315b93cbcbe7bc55f38e,uspto-grants,data/11/ord_dataset-1158e351757f315b93cbcbe7bc55f38e.parquet
ord_dataset-31fc6d0085ca4d8dbbcd3a5fa9dcedfb,uspto-grants-2003_11,ord_dataset-1158e351757f315b93cbcbe7bc55f38e,uspto-grants,data/11/ord_dataset-1158e351757f315b93cbcbe7bc55f38e.parquet
ord_dataset-2952e63264f5422a84e12cca1e0541ee,uspto-grants-2003_12,ord_dataset-1158e351757f315b93cbcbe7bc55f38e,uspto-grants,data/11/ord_dataset-1158e351757f315b93cbcbe7bc55f38e.parquet
ord_dataset-c9f990dde2dc45d0948ecbe037a0d819,uspto-grants-2004_01,ord_dataset-1158e351757f315b93cbcbe7bc55f38e,uspto-grants,data/11/ord_dataset-1158e351757f315b93cbcbe7bc55f38e.parquet
ord_dataset-e44331dc51de453ca14b7032593c1958,uspto-grants-2004_02,ord_dataset-1158e351757f315b93cbcbe7bc55f38e,uspto-grants,data/11/ord_dataset-1158e351757f315b93cbcbe7bc55f38e.parquet
ord_dataset-0a66204fc43e49c2922e6f9107e6b62f,uspto-grants-2004_03,ord_dataset-1158e351757f315b93cbcbe7bc55f38e,uspto-grants,data/11/ord_dataset-1158e351757f315b93cbcbe7bc55f38e.parquet
ord_dataset-de283386b8034acd99fba96d3c7d3227,uspto-grants-2004_04,ord_dataset-1158e351757f315b93cbcbe7bc55f38e,uspto-grants,data/11/ord_dataset-1158e351757f315b93cbcbe7bc55f38e.parquet
ord_dataset-a192df1b44174b5886ef2005f759d553,uspto-grants-2004_05,ord_dataset-1158e351757f315b93cbcbe7bc55f38e,uspto-grants,data/11/ord_dataset-1158e351757f315b93cbcbe7bc55f38e.parquet
ord_dataset-1c0bae7388cf460091d56129e95b3145,uspto-grants-2004_06,ord_dataset-1158e351757f315b93cbcbe7bc55f38e,uspto-grants,data/11/ord_dataset-1158e351757f315b93cbcbe7bc55f38e.parquet
ord_dataset-ce71a906ea9c4399a2014cbaaff88c8f,uspto-grants-2004_07,ord_dataset-1158e351757f315b93cbcbe7bc55f38e,uspto-grants,data/11/ord_dataset-1158e351757f315b93cbcbe7bc55f38e.parquet
ord_dataset-c975a50a7600448fabd558f4a94a3e29,uspto-grants-2004_08,ord_dataset-1158e351757f315b93cbcbe7bc55f38e,uspto-grants,data/11/ord_dataset-1158e351757f315b93cbcbe7bc55f38e.parquet
ord_dataset-5d77a731aa10488794c824ad12021f57,uspto-grants-2004_09,ord_dataset-1158e351757f315b93cbcbe7bc55f38e,uspto-grants,data/11/ord_dataset-1158e351757f315b93cbcbe7bc55f38e.parquet
ord_dataset-271c0b74f4794a06992957029b3151ba,uspto-grants-2004_10,ord_dataset-1158e351757f315b93cbcbe7bc55f38e,uspto-grants,data/11/ord_dataset-1158e351757f315b93cbcbe7bc55f38e.parquet
ord_dataset-fe016e2f90e741a590ad77fd5933161f,uspto-grants-2004_11,ord_dataset-1158e351757f315b93cbcbe7bc55f38e,uspto-grants,data/11/ord_dataset-1158e351757f315b93cbcbe7bc55f38e.parquet
ord_dataset-f5d908a6dcb44353a706166b5e9f7f88,uspto-grants-2004_12,ord_dataset-1158e351757f315b93cbcbe7bc55f38e,uspto-grants,data/11/ord_dataset-1158e351757f315b93cbcbe7bc55f38e.parquet
ord_dataset-be508e976bbb4586a0cc3368302a62f8,uspto-grants-2005_01,ord_dataset-1158e351757f315b93cbcbe7bc55f38e,uspto-grants,data/11/ord_dataset-1158e351757f315b93cbcbe7bc55f38e.parquet
ord_dataset-04d607efe1d9485eb99fafa06880f62e,uspto-grants-2005_02,ord_dataset-1158e351757f315b93cbcbe7bc55f38e,uspto-grants,data/11/ord_dataset-1158e351757f315b93cbcbe7bc55f38e.parquet
ord_dataset-5a3d853c53674888a5691dce2e398792,uspto-grants-2005_03,ord_dataset-1158e351757f315b93cbcbe7bc55f38e,uspto-grants,data/11/ord_dataset-1158e351757f315b93cbcbe7bc55f38e.parquet
ord_dataset-c5ee194443334d3e92aff17e46e33bd1,uspto-grants-2005_04,ord_dataset-1158e351757f315b93cbcbe7bc55f38e,uspto-grants,data/11/ord_dataset-1158e351757f315b93cbcbe7bc55f38e.parquet
ord_dataset-e90cd41afe844e49875435eb99903799,uspto-grants-2005_05,ord_dataset-1158e351757f315b93cbcbe7bc55f38e,uspto-grants,data/11/ord_dataset-1158e351757f315b93cbcbe7bc55f38e.parquet
ord_dataset-632f0d9054ce41aba87d4970966c34a6,uspto-grants-2005_06,ord_dataset-1158e351757f315b93cbcbe7bc55f38e,uspto-grants,data/11/ord_dataset-1158e351757f315b93cbcbe7bc55f38e.parquet
ord_dataset-50cdc205280641d2a3e264f32908e3d0,uspto-grants-2005_07,ord_dataset-1158e351757f315b93cbcbe7bc55f38e,uspto-grants,data/11/ord_dataset-1158e351757f315b93cbcbe7bc55f38e.parquet
ord_dataset-3947f3e1be17462c8f7c7e6ea6e57d0a,uspto-grants-2005_08,ord_dataset-1158e351757f315b93cbcbe7bc55f38e,uspto-grants,data/11/ord_dataset-1158e351757f315b93cbcbe7bc55f38e.parquet
ord_dataset-359b8fc87f4244be89d6f02bc5036eac,uspto-grants-2005_09,ord_dataset-1158e351757f315b93cbcbe7bc55f38e,uspto-grants,data/11/ord_dataset-1158e351757f315b93cbcbe7bc55f38e.parquet
ord_dataset-56747de2718a4ac5bf061651d1cc9e3e,uspto-grants-2005_10,ord_dataset-1158e351757f315b93cbcbe7bc55f38e,uspto-grants,data/11/ord_dataset-1158e351757f315b93cbcbe7bc55f38e.parquet
ord_dataset-6214af00a7eb47f3887ef21a94320a7e,uspto-grants-2005_11,ord_dataset-1158e351757f315b93cbcbe7bc55f38e,uspto-grants,data/11/ord_dataset-1158e351757f315b93cbcbe7bc55f38e.parquet
ord_dataset-35824232b132464aa99e71aba765981d,uspto-grants-2005_12,ord_dataset-1158e351757f315b93cbcbe7bc55f38e,uspto-grants,data/11/ord_dataset-1158e351757f315b93cbcbe7bc55f38e.parquet
ord_dataset-a7baa616c65d42559e25ca0ba61e0744,uspto-grants-2006_01,ord_dataset-1158e351757f315b93cbcbe7bc55f38e,uspto-grants,data/11/ord_dataset-1158e351757f315b93cbcbe7bc55f38e.parquet
ord_dataset-4e9c2fa02a7544fd839206719263345f,uspto-grants-2006_02,ord_dataset-1158e351757f315b93cbcbe7bc55f38e,uspto-grants,data/11/ord_dataset-1158e351757f315b93cbcbe7bc55f38e.parquet
ord_dataset-bbd7e53f000345838ad4920a07a169ff,uspto-grants-2006_03,ord_dataset-1158e351757f315b93cbcbe7bc55f38e,uspto-grants,data/11/ord_dataset-1158e351757f315b93cbcbe7bc55f38e.parquet
ord_dataset-c408dfed796e4354b61e312e67f7143f,uspto-grants-2006_04,ord_dataset-1158e351757f315b93cbcbe7bc55f38e,uspto-grants,data/11/ord_dataset-1158e351757f315b93cbcbe7bc55f38e.parquet
ord_dataset-c8069773c1a148aca8ab417108daacc5,uspto-grants-2006_05,ord_dataset-1158e351757f315b93cbcbe7bc55f38e,uspto-grants,data/11/ord_dataset-1158e351757f315b93cbcbe7bc55f38e.parquet
ord_dataset-c8a367b56b4f406b878f51867b157d19,uspto-grants-2006_06,ord_dataset-1158e351757f315b93cbcbe7bc55f38e,uspto-grants,data/11/ord_dataset-1158e351757f315b93cbcbe7bc55f38e.parquet
ord_dataset-c3a75813d0b24864aa4f7cd526efd6aa,uspto-grants-2006_07,ord_dataset-1158e351757f315b93cbcbe7bc55f38e,uspto-grants,data/11/ord_dataset-1158e351757f315b93cbcbe7bc55f38e.parquet
ord_dataset-0387783899c642a8b7eb4ba379bcdf5d,uspto-grants-2006_08,ord_dataset-1158e351757f315b93cbcbe7bc55f38e,uspto-grants,data/11/ord_dataset-1158e351757f315b93cbcbe7bc55f38e.parquet
ord_dataset-eb4226b4f7644a01a737e7547b70014a,uspto-grants-2006_09,ord_dataset-1158e351757f315b93cbcbe7bc55f38e,uspto-grants,data/11/ord_dataset-1158e351757f315b93cbcbe7bc55f38e.parquet
ord_dataset-76dd1b78ee414d2da0ed30700ef026f7,uspto-grants-2006_10,ord_dataset-1158e351757f315b93cbcbe7bc55f38e,uspto-grants,data/11/ord_dataset-1158e351757f315b93cbcbe7bc55f38e.parquet
ord_dataset-437aa6654d5044ddaef3346dc4c6e08a,uspto-grants-2006_11,ord_dataset-1158e351757f315b93cbcbe7bc55f38e,uspto-grants,data/11/ord_dataset-1158e351757f315b93cbcbe7bc55f38e.parquet
ord_dataset-4b705442211b4a3988e26d5f65098160,uspto-grants-2006_12,ord_dataset-1158e351757f315b93cbcbe7bc55f38e,uspto-grants,data/11/ord_dataset-1158e351757f315b93cbcbe7bc55f38e.parquet
ord_dataset-844a22e1fcab44a5b59c5e2922b2855a,uspto-grants-2007_01,ord_dataset-1158e351757f315b93cbcbe7bc55f38e,uspto-grants,data/11/ord_dataset-1158e351757f315b93cbcbe7bc55f38e.parquet
ord_dataset-1b0cd79134f0450eaac8396a4f956c30,uspto-grants-2007_02,ord_dataset-1158e351757f315b93cbcbe7bc55f38e,uspto-grants,data/11/ord_dataset-1158e351757f315b93cbcbe7bc55f38e.parquet
ord_dataset-2e58cb8db2bf482bbea23283b7e04488,uspto-grants-2007_03,ord_dataset-1158e351757f315b93cbcbe7bc55f38e,uspto-grants,data/11/ord_dataset-1158e351757f315b93cbcbe7bc55f38e.parquet
ord_dataset-7a8649d55889427e85b208ae89475895,uspto-grants-2007_04,ord_dataset-1158e351757f315b93cbcbe7bc55f38e,uspto-grants,data/11/ord_dataset-1158e351757f315b93cbcbe7bc55f38e.parquet
ord_dataset-8214eb8444a44dc2900ccb42dbeff15e,uspto-grants-2007_05,ord_dataset-1158e351757f315b93cbcbe7bc55f38e,uspto-grants,data/11/ord_dataset-1158e351757f315b93cbcbe7bc55f38e.parquet
ord_dataset-bf316bf78f4f45d4b275959c08104b7c,uspto-grants-2007_06,ord_dataset-1158e351757f315b93cbcbe7bc55f38e,uspto-grants,data/11/ord_dataset-1158e351757f315b93cbcbe7bc55f38e.parquet
ord_dataset-8034115bd2ec4d3e95bd3ff7cfde0bde,uspto-grants-2007_07,ord_dataset-1158e351757f315b93cbcbe7bc55f38e,uspto-grants,data/11/ord_dataset-1158e351757f315b93cbcbe7bc55f38e.parquet
ord_dataset-4ad5db8537994579bef51f16dd8bf0bd,uspto-grants-2007_08,ord_dataset-1158e351757f315b93cbcbe7bc55f38e,uspto-grants,data/11/ord_dataset-1158e351757f315b93cbcbe7bc55f38e.parquet
ord_dataset-530502f8e61e455784f93c5faa45c94b,uspto-grants-2007_09,ord_dataset-1158e351757f315b93cbcbe7bc55f38e,uspto-grants,data/11/ord_dataset-1158e351757f315b93cbcbe7bc55f38e.parquet
ord_dataset-744b04e8228742eb9aa4bde36f5dedf1,uspto-grants-2007_10,ord_dataset-1158e351757f315b93cbcbe7bc55f38e,uspto-grants,data/11/ord_dataset-1158e351757f315b93cbcbe7bc55f38e.parquet
ord_dataset-a2d74266062e4398bc26c4f876903ab8,uspto-grants-2007_11,ord_dataset-1158e351757f315b93cbcbe7bc55f38e,uspto-grants,data/11/ord_dataset-1158e351757f315b93cbcbe7bc55f38e.parquet
ord_dataset-56a22bc0c3b14f87b9aa3f2fc6488ee7,uspto-grants-2007_12,ord_dataset-1158e351757f315b93cbcbe7bc55f38e,uspto-grants,data/11/ord_dataset-1158e351757f315b93cbcbe7bc55f38e.parquet
ord_dataset-ed846b4b229e4bb09ad9dba95ad7ebeb,uspto-grants-2008_01,ord_dataset-1158e351757f315b93cbcbe7bc55f38e,uspto-grants,data/11/ord_dataset-1158e351757f315b93cbcbe7bc55f38e.parquet
ord_dataset-da49b0378abf41bf92ab8ecdd3feb28b,uspto-grants-2008_02,ord_dataset-1158e351757f315b93cbcbe7bc55f38e,uspto-grants,data/11/ord_dataset-1158e351757f315b93cbcbe7bc55f38e.parquet
ord_dataset-892acf7477db4d3a8a8559f004a7c0a2,uspto-grants-2008_03,ord_dataset-1158e351757f315b93cbcbe7bc55f38e,uspto-grants,data/11/ord_dataset-1158e351757f315b93cbcbe7bc55f38e.parquet
ord_dataset-50f99930fc41474db226bc80774b38df,uspto-grants-2008_04,ord_dataset-1158e351757f315b93cbcbe7bc55f38e,uspto-grants,data/11/ord_dataset-1158e351757f315b93cbcbe7bc55f38e.parquet
ord_dataset-ec58fad8331a42c5a67ad75aac6713b4,uspto-grants-2008_05,ord_dataset-1158e351757f315b93cbcbe7bc55f38e,uspto-grants,data/11/ord_dataset-1158e351757f315b93cbcbe7bc55f38e.parquet
ord_dataset-0ca5627a13c049a99463095023b09fe5,uspto-grants-2008_06,ord_dataset-1158e351757f315b93cbcbe7bc55f38e,uspto-grants,data/11/ord_dataset-1158e351757f315b93cbcbe7bc55f38e.parquet
ord_dataset-47bd90bf5ec74fcd99ce250a56e18c8f,uspto-grants-2008_07,ord_dataset-1158e351757f315b93cbcbe7bc55f38e,uspto-grants,data/11/ord_dataset-1158e351757f315b93cbcbe7bc55f38e.parquet
ord_dataset-ec576c604a9d47258c87c732a043ec71,uspto-grants-2008_08,ord_dataset-1158e351757f315b93cbcbe7bc55f38e,uspto-grants,data/11/ord_dataset-1158e351757f315b93cbcbe7bc55f38e.parquet
ord_dataset-074f86301ec5441ab3b52d902ac06949,uspto-grants-2008_09,ord_dataset-1158e351757f315b93cbcbe7bc55f38e,uspto-grants,data/11/ord_dataset-1158e351757f315b93cbcbe7bc55f38e.parquet
ord_dataset-e2b35e721c2741999b0005d12691f9fe,uspto-grants-2008_10,ord_dataset-1158e351757f315b93cbcbe7bc55f38e,uspto-grants,data/11/ord_dataset-1158e351757f315b93cbcbe7bc55f38e.parquet
ord_dataset-171b840ae6e84e45bab43b987d09f5c7,uspto-grants-2008_11,ord_dataset-1158e351757f315b93cbcbe7bc55f38e,uspto-grants,data/11/ord_dataset-1158e351757f315b93cbcbe7bc55f38e.parquet
ord_dataset-faa0236be76c4501841c954527cd1b6c,uspto-grants-2008_12,ord_dataset-1158e351757f315b93cbcbe7bc55f38e,uspto-grants,data/11/ord_dataset-1158e351757f315b93cbcbe7bc55f38e.parquet
ord_dataset-93908aaae836460ebd48d733eccad483,uspto-grants-2009_01,ord_dataset-1158e351757f315b93cbcbe7bc55f38e,uspto-grants,data/11/ord_dataset-1158e351757f315b93cbcbe7bc55f38e.parquet
ord_dataset-b8b98725045d45bdbd73512048f4b47e,uspto-grants-2009_02,ord_dataset-1158e351757f315b93cbcbe7bc55f38e,uspto-grants,data/11/ord_dataset-1158e351757f315b93cbcbe7bc55f38e.parquet
ord_dataset-c31cb9b44c404c10ba3aa533aa079e2b,uspto-grants-2009_03,ord_dataset-1158e351757f315b93cbcbe7bc55f38e,uspto-grants,data/11/ord_dataset-1158e351757f315b93cbcbe7bc55f38e.parquet
ord_dataset-e1c3af9b105b4af09a5171403bbfc06f,uspto-grants-2009_04,ord_dataset-1158e351757f315b93cbcbe7bc55f38e,uspto-grants,data/11/ord_dataset-1158e351757f315b93cbcbe7bc55f38e.parquet
ord_dataset-3592bd645cd143ee8274cd0d834ae581,uspto-grants-2009_05,ord_dataset-1158e351757f315b93cbcbe7bc55f38e,uspto-grants,data/11/ord_dataset-1158e351757f315b93cbcbe7bc55f38e.parquet
ord_dataset-d728a2f811c0424cbcdb5a84d02b93ae,uspto-grants-2009_06,ord_dataset-1158e351757f315b93cbcbe7bc55f38e,uspto-grants,data/11/ord_dataset-1158e351757f315b93cbcbe7bc55f38e.parquet
ord_dataset-11068b1e475b4c5b82e56726ab0dddb7,uspto-grants-2009_07,ord_dataset-1158e351757f315b93cbcbe7bc55f38e,uspto-grants,data/11/ord_dataset-1158e351757f315b93cbcbe7bc55f38e.parquet
ord_dataset-de6bce51790e4004a27e1a8f2bcc7ded,uspto-grants-2009_08,ord_dataset-1158e351757f315b93cbcbe7bc55f38e,uspto-grants,data/11/ord_dataset-1158e351757f315b93cbcbe7bc55f38e.parquet
ord_dataset-46d216f2c4374ef5b9df90427e2a4cd4,uspto-grants-2009_09,ord_dataset-1158e351757f315b93cbcbe7bc55f38e,uspto-grants,data/11/ord_dataset-1158e351757f315b93cbcbe7bc55f38e.parquet
ord_dataset-c663259b80f947e2a8923796fb0e9a6b,uspto-grants-2009_10,ord_dataset-1158e351757f315b93cbcbe7bc55f38e,uspto-grants,data/11/ord_dataset-1158e351757f315b93cbcbe7bc55f38e.parquet
ord_dataset-8e59bd24817446f7b1c68e805b8e5f1d,uspto-grants-2009_11,ord_dataset-1158e351757f315b93cbcbe7bc55f38e,uspto-grants,data/11/ord_dataset-1158e351757f315b93cbcbe7bc55f38e.parquet
ord_dataset-cc0899cd744f4f7f8e7f2463560faad1,uspto-grants-2009_12,ord_dataset-1158e351757f315b93cbcbe7bc55f38e,uspto-grants,data/11/ord_dataset-1158e351757f315b93cbcbe7bc55f38e.parquet
ord_dataset-d8a5dc784dde4465894ec7c69d2e3ba6,uspto-grants-2010_01,ord_dataset-1158e351757f315b93cbcbe7bc55f38e,uspto-grants,data/11/ord_dataset-1158e351757f315b93cbcbe7bc55f38e.parquet
ord_dataset-90b0aa1f83334a02919b2be3a1c04542,uspto-grants-2010_02,ord_dataset-1158e351757f315b93cbcbe7bc55f38e,uspto-grants,data/11/ord_dataset-1158e351757f315b93cbcbe7bc55f38e.parquet
ord_dataset-ed680843f6d14f5c9901869b2a06b4a4,uspto-grants-2010_03,ord_dataset-1158e351757f315b93cbcbe7bc55f38e,uspto-grants,data/11/ord_dataset-1158e351757f315b93cbcbe7bc55f38e.parquet
ord_dataset-3feb2a95f66e4706a4a50c977ccd9bf8,uspto-grants-2010_04,ord_dataset-1158e351757f315b93cbcbe7bc55f38e,uspto-grants,data/11/ord_dataset-1158e351757f315b93cbcbe7bc55f38e.parquet
ord_dataset-ed65749688da45af8a8432967b017729,uspto-grants-2010_05,ord_dataset-1158e351757f315b93cbcbe7bc55f38e,uspto-grants,data/11/ord_dataset-1158e351757f315b93cbcbe7bc55f38e.parquet
ord_dataset-03ba810b7f464a06b5d8787af2e8b64e,uspto-grants-2010_06,ord_dataset-1158e351757f315b93cbcbe7bc55f38e,uspto-grants,data/11/ord_dataset-1158e351757f315b93cbcbe7bc55f38e.parquet
ord_dataset-f886e51ba1484c76a94bce1482f1eab9,uspto-grants-2010_07,ord_dataset-1158e351757f315b93cbcbe7bc55f38e,uspto-grants,data/11/ord_dataset-1158e351757f315b93cbcbe7bc55f38e.parquet
ord_dataset-35b56288528641309a040cc2b6710b61,uspto-grants-2010_08,ord_dataset-1158e351757f315b93cbcbe7bc55f38e,uspto-grants,data/11/ord_dataset-1158e351757f315b93cbcbe7bc55f38e.parquet
ord_dataset-b6d8835b0c934476a36e6149e7597487,uspto-grants-2010_09,ord_dataset-1158e351757f315b93cbcbe7bc55f38e,uspto-grants,data/11/ord_dataset-1158e351757f315b93cbcbe7bc55f38e.parquet
ord_dataset-70899a0178cc441482746c093624afa0,uspto-grants-2010_10,ord_dataset-1158e351757f315b93cbcbe7bc55f38e,uspto-grants,data/11/ord_dataset-1158e351757f315b93cbcbe7bc55f38e.parquet
ord_dataset-7448b89163bf426c9d9777809ce24cec,uspto-grants-2010_11,ord_dataset-1158e351757f315b93cbcbe7bc55f38e,uspto-grants,data/11/ord_dataset-1158e351757f315b93cbcbe7bc55f38e.parquet
ord_dataset-f024e9664ab64906a71a2ff6004cb3d0,uspto-grants-2010_12,ord_dataset-1158e351757f315b93cbcbe7bc55f38e,uspto-grants,data/11/ord_dataset-1158e351757f315b93cbcbe7bc55f38e.parquet
ord_dataset-136cfada6ce247b4919085a57363459e,uspto-grants-2011_01,ord_dataset-1158e351757f315b93cbcbe7bc55f38e,uspto-grants,data/11/ord_dataset-1158e351757f315b93cbcbe7bc55f38e.parquet
ord_dataset-83acb82dc5ba4f7aba439b9875aaac43,uspto-grants-2011_02,ord_dataset-1158e351757f315b93cbcbe7bc55f38e,uspto-grants,data/11/ord_dataset-1158e351757f315b93cbcbe7bc55f38e.parquet
ord_dataset-3af92aec23dc4810b92eb0d8c60023ee,uspto-grants-2011_03,ord_dataset-1158e351757f315b93cbcbe7bc55f38e,uspto-grants,data/11/ord_dataset-1158e351757f315b93cbcbe7bc55f38e.parquet
ord_dataset-dd320ded4b3f4764af39de99491533f7,uspto-grants-2011_04,ord_dataset-1158e351757f315b93cbcbe7bc55f38e,uspto-grants,data/11/ord_dataset-1158e351757f315b93cbcbe7bc55f38e.parquet
ord_dataset-373415d3e0e54004837cf4831e67666f,uspto-grants-2011_05,ord_dataset-1158e351757f315b93cbcbe7bc55f38e,uspto-grants,data/11/ord_dataset-1158e351757f315b93cbcbe7bc55f38e.parquet
ord_dataset-ffbef48837674f39816de887b5dc8bae,uspto-grants-2011_06,ord_dataset-1158e351757f315b93cbcbe7bc55f38e,uspto-grants,data/11/ord_dataset-1158e351757f315b93cbcbe7bc55f38e.parquet
ord_dataset-5df93261afc143c3ae919a57ff4fc1d4,uspto-grants-2011_07,ord_dataset-1158e351757f315b93cbcbe7bc55f38e,uspto-grants,data/11/ord_dataset-1158e351757f315b93cbcbe7bc55f38e.parquet
ord_dataset-afd812677c134591a99f46ce28de2524,uspto-grants-2011_08,ord_dataset-1158e351757f315b93cbcbe7bc55f38e,uspto-grants,data/11/ord_dataset-1158e351757f315b93cbcbe7bc55f38e.parquet
ord_dataset-52a37d876ddb453e86de0c15fa233d29,uspto-grants-2011_09,ord_dataset-1158e351757f315b93cbcbe7bc55f38e,uspto-grants,data/11/ord_dataset-1158e351757f315b93cbcbe7bc55f38e.parquet
ord_dataset-af85e6f81c2d49f08086afd6d9e6959c,uspto-grants-2011_10,ord_dataset-1158e351757f315b93cbcbe7bc55f38e,uspto-grants,data/11/ord_dataset-1158e351757f315b93cbcbe7bc55f38e.parquet
ord_dataset-375a420ee9b042918ddca20f02df37d3,uspto-grants-2011_11,ord_dataset-1158e351757f315b93cbcbe7bc55f38e,uspto-grants,data/11/ord_dataset-1158e351757f315b93cbcbe7bc55f38e.parquet
ord_dataset-4226e9b4f9f845db967ed997270dcafc,uspto-grants-2011_12,ord_dataset-1158e351757f315b93cbcbe7bc55f38e,uspto-grants,data/11/ord_dataset-1158e351757f315b93cbcbe7bc55f38e.parquet
ord_dataset-285df12e34cd46e993e3c8ebc3a8962a,uspto-grants-2012_01,ord_dataset-1158e351757f315b93cbcbe7bc55f38e,uspto-grants,data/11/ord_dataset-1158e351757f315b93cbcbe7bc55f38e.parquet
ord_dataset-aaeaab5f3720492494c1cbbdd0ed2820,uspto-grants-2012_02,ord_dataset-1158e351757f315b93cbcbe7bc55f38e,uspto-grants,data/11/ord_dataset-1158e351757f315b93cbcbe7bc55f38e.parquet
ord_dataset-68715347640045adb1b09e6a04722b0e,uspto-grants-2012_03,ord_dataset-1158e351757f315b93cbcbe7bc55f38e,uspto-grants,data/11/ord_dataset-1158e351757f315b93cbcbe7bc55f38e.parquet
ord_dataset-b195433d5c354ddfb6cde0d53c41910f,uspto-grants-2012_04,ord_dataset-1158e351757f315b93cbcbe7bc55f38e,uspto-grants,data/11/ord_dataset-1158e351757f315b93cbcbe7bc55f38e.parquet
ord_dataset-d24cc23b3db94284bb83a2ccdd9eb880,uspto-grants-2012_05,ord_dataset-1158e351757f315b93cbcbe7bc55f38e,uspto-grants,data/11/ord_dataset-1158e351757f315b93cbcbe7bc55f38e.parquet
ord_dataset-0f9d2dbe929a45c3892ae75e81e99443,uspto-grants-2012_06,ord_dataset-1158e351757f315b93cbcbe7bc55f38e,uspto-grants,data/11/ord_dataset-1158e351757f315b93cbcbe7bc55f38e.parquet
ord_dataset-9cd817a75dfc4fe7ad19d4232772d5ff,uspto-grants-2012_07,ord_dataset-1158e351757f315b93cbcbe7bc55f38e,uspto-grants,data/11/ord_dataset-1158e351757f315b93cbcbe7bc55f38e.parquet
ord_dataset-4e81c470cc3b429faf5e1caa50f70a98,uspto-grants-2012_08,ord_dataset-1158e351757f315b93cbcbe7bc55f38e,uspto-grants,data/11/ord_dataset-1158e351757f315b93cbcbe7bc55f38e.parquet
ord_dataset-fb72428f30234761b4216139dc228d0c,uspto-grants-2012_09,ord_dataset-1158e351757f315b93cbcbe7bc55f38e,uspto-grants,data/11/ord_dataset-1158e351757f315b93cbcbe7bc55f38e.parquet
ord_dataset-dc3bb1b1ac4e4229a3fc28fb559a9777,uspto-grants-2012_10,ord_dataset-1158e351757f315b93cbcbe7bc55f38e,uspto-grants,data/11/ord_dataset-1158e351757f315b93cbcbe7bc55f38e.parquet
ord_dataset-cde802cdb7434a5f82a22981ccaefc4e,uspto-grants-2012_11,ord_dataset-1158e351757f315b93cbcbe7bc55f38e,uspto-grants,data/11/ord_dataset-1158e351757f315b93cbcbe7bc55f38e.parquet
ord_dataset-e96f5a2842f14e5380461c234100f05a,uspto-grants-2012_12,ord_dataset-1158e351757f315b93cbcbe7bc55f38e,uspto-grants,data/11/ord_dataset-1158e351757f315b93cbcbe7bc55f38e.parquet
ord_dataset-c544c0c663f54dbea4ddb52ddde7934e,uspto-grants-2013_01,ord_dataset-1158e351757f315b93cbcbe7bc55f38e,uspto-grants,data/11/ord_dataset-1158e351757f315b93cbcbe7bc55f38e.parquet
ord_dataset-266f60b4555945d6afb2d2bdf5fa04e0,uspto-grants-2013_02,ord_dataset-1158e351757f315b93cbcbe7bc55f38e,uspto-grants,data/11/ord_dataset-1158e351757f315b93cbcbe7bc55f38e.parquet
ord_dataset-d3580a12b15e46cc91aa73f4f1a4a8cc,uspto-grants-2013_03,ord_dataset-1158e351757f315b93cbcbe7bc55f38e,uspto-grants,data/11/ord_dataset-1158e351757f315b93cbcbe7bc55f38e.parquet
ord_dataset-d5c54236ecd94d61aaa071461bcfc426,uspto-grants-2013_04,ord_dataset-1158e351757f315b93cbcbe7bc55f38e,uspto-grants,data/11/ord_dataset-1158e351757f315b93cbcbe7bc55f38e.parquet
ord_dataset-de51ecc8d4434bacaa8bc32d7d73484c,uspto-grants-2013_05,ord_dataset-1158e351757f315b93cbcbe7bc55f38e,uspto-grants,data/11/ord_dataset-1158e351757f315b93cbcbe7bc55f38e.parquet
ord_dataset-78c3f723155a4347a902b53bcee1524d,uspto-grants-2013_06,ord_dataset-1158e351757f315b93cbcbe7bc55f38e,uspto-grants,data/11/ord_dataset-1158e351757f315b93cbcbe7bc55f38e.parquet
ord_dataset-2d6edb8ffd434003bb508360153bd9bb,uspto-grants-2013_07,ord_dataset-1158e351757f315b93cbcbe7bc55f38e,uspto-grants,data/11/ord_dataset-1158e351757f315b93cbcbe7bc55f38e.parquet
ord_dataset-cfad8b3f00044bcda60a96b019f09872,uspto-grants-2013_08,ord_dataset-1158e351757f315b93cbcbe7bc55f38e,uspto-grants,data/11/ord_dataset-1158e351757f315b93cbcbe7bc55f38e.parquet
ord_dataset-08852243bba44cb28769a5833f1515fe,uspto-grants-2013_09,ord_dataset-1158e351757f315b93cbcbe7bc55f38e,uspto-grants,data/11/ord_dataset-1158e351757f315b93cbcbe7bc55f38e.parquet
ord_dataset-6034127657614f02860ed057b62b882e,uspto-grants-2013_10,ord_dataset-1158e351757f315b93cbcbe7bc55f38e,uspto-grants,data/11/ord_dataset-1158e351757f315b93cbcbe7bc55f38e.parquet
ord_dataset-d932d1d683704a8bad3d064bcb197acc,uspto-grants-2013_11,ord_dataset-1158e351757f315b93cbcbe7bc55f38e,uspto-grants,data/11/ord_dataset-1158e351757f315b93cbcbe7bc55f38e.parquet
ord_dataset-d23f2f15886d4c22b7d7ba5f0e203e81,uspto-grants-2013_12,ord_dataset-1158e351757f315b93cbcbe7bc55f38e,uspto-grants,data/11/ord_dataset-1158e351757f315b93cbcbe7bc55f38e.parquet
ord_dataset-31641fb65b34430fa7435229b949b604,uspto-grants-2014_01,ord_dataset-1158e351757f315b93cbcbe7bc55f38e,uspto-grants,data/11/ord_dataset-1158e351757f315b93cbcbe7bc55f38e.parquet
ord_dataset-12dc3bd21bcf44d09e5b4249afe15161,uspto-grants-2014_02,ord_dataset-1158e351757f315b93cbcbe7bc55f38e,uspto-grants,data/11/ord_dataset-1158e351757f315b93cbcbe7bc55f38e.parquet
ord_dataset-7456bda2326f4bebaa874a5474d4cc0d,uspto-grants-2014_03,ord_dataset-1158e351757f315b93cbcbe7bc55f38e,uspto-grants,data/11/ord_dataset-1158e351757f315b93cbcbe7bc55f38e.parquet
ord_dataset-f8e6e6a2d2bf4135b9e346456c81700f,uspto-grants-2014_04,ord_dataset-1158e351757f315b93cbcbe7bc55f38e,uspto-grants,data/11/ord_dataset-1158e351757f315b93cbcbe7bc55f38e.parquet
ord_dataset-5e6956e6e8c24a168866a253f4a66c6c,uspto-grants-2014_05,ord_dataset-1158e351757f315b93cbcbe7bc55f38e,uspto-grants,data/11/ord_dataset-1158e351757f315b93cbcbe7bc55f38e.parquet
ord_dataset-275a3da8f45f4536ad29727f0ef9ba66,uspto-grants-2014_06,ord_dataset-1158e351757f315b93cbcbe7bc55f38e,uspto-grants,data/11/ord_dataset-1158e351757f315b93cbcbe7bc55f38e.parquet
ord_dataset-a86112d52cd54525a5e36d41f18aced2,uspto-grants-2014_07,ord_dataset-1158e351757f315b93cbcbe7bc55f38e,uspto-grants,data/11/ord_dataset-1158e351757f315b93cbcbe7bc55f38e.parquet
ord_dataset-fd1fa959d6264608b0b7fcda16741bfd,uspto-grants-2014_08,ord_dataset-1158e351757f315b93cbcbe7bc55f38e,uspto-grants,data/11/ord_dataset-1158e351757f315b93cbcbe7bc55f38e.parquet
ord_dataset-c3c1091f873b4f40827973a6f1f9b685,uspto-grants-2014_09,ord_dataset-1158e351757f315b93cbcbe7bc55f38e,uspto-grants,data/11/ord_dataset-1158e351757f315b93cbcbe7bc55f38e.parquet
ord_dataset-366bdd9ee72d474cbe6f3f9e54dd96d2,uspto-grants-2014_10,ord_dataset-1158e351757f315b93cbcbe7bc55f38e,uspto-grants,data/11/ord_dataset-1158e351757f315b93cbcbe7bc55f38e.parquet
ord_dataset-1a1aa5d1c3224edca0aec6e3398da985,uspto-grants-2014_11,ord_dataset-1158e351757f315b93cbcbe7bc55f38e,uspto-grants,data/11/ord_dataset-1158e351757f315b93cbcbe7bc55f38e.parquet
ord_dataset-8c74302143c04eb9983e4b3a7ead2d72,uspto-grants-2014_12,ord_dataset-1158e351757f315b93cbcbe7bc55f38e,uspto-grants,data/11/ord_dataset-1158e351757f315b93cbcbe7bc55f38e.parquet
ord_dataset-8d5c200bca27407ab9febe7598e16458,uspto-grants-2015_01,ord_dataset-1158e351757f315b93cbcbe7bc55f38e,uspto-grants,data/11/ord_dataset-1158e351757f315b93cbcbe7bc55f38e.parquet
ord_dataset-cac8df8aff894288876df4e093c9877f,uspto-grants-2015_02,ord_dataset-1158e351757f315b93cbcbe7bc55f38e,uspto-grants,data/11/ord_dataset-1158e351757f315b93cbcbe7bc55f38e.parquet
ord_dataset-4e54080057a44c3887653391e24c90b6,uspto-grants-2015_03,ord_dataset-1158e351757f315b93cbcbe7bc55f38e,uspto-grants,data/11/ord_dataset-1158e351757f315b93cbcbe7bc55f38e.parquet
ord_dataset-9741bb5fd93044078df2a45f45733054,uspto-grants-2015_04,ord_dataset-1158e351757f315b93cbcbe7bc55f38e,uspto-grants,data/11/ord_dataset-1158e351757f315b93cbcbe7bc55f38e.parquet
ord_dataset-380e279f82154dba9e08ab51b3bdd08a,uspto-grants-2015_05,ord_dataset-1158e351757f315b93cbcbe7bc55f38e,uspto-grants,data/11/ord_dataset-1158e351757f315b93cbcbe7bc55f38e.parquet
ord_dataset-e8c6a25568b64529b960953990e6921f,uspto-grants-2015_06,ord_dataset-1158e351757f315b93cbcbe7bc55f38e,uspto-grants,data/11/ord_dataset-1158e351757f315b93cbcbe7bc55f38e.parquet
ord_dataset-9cecb3a8d3b9494191b28dcefea66af2,uspto-grants-2015_07,ord_dataset-1158e351757f315b93cbcbe7bc55f38e,uspto-grants,data/11/ord_dataset-1158e351757f315b93cbcbe7bc55f38e.parquet
ord_dataset-35c51552812941cda45194a013d34bb9,uspto-grants-2015_08,ord_dataset-1158e351757f315b93cbcbe7bc55f38e,uspto-grants,data/11/ord_dataset-1158e351757f315b93cbcbe7bc55f38e.parquet
ord_dataset-f0794d5ded7a4d3fab45cc3d7a89ee3d,uspto-grants-2015_09,ord_dataset-1158e351757f315b93cbcbe7bc55f38e,uspto-grants,data/11/ord_dataset-1158e351757f315b93cbcbe7bc55f38e.parquet
ord_dataset-bcc0b01d4f58457a8733b10a099f43ba,uspto-grants-2015_10,ord_dataset-1158e351757f315b93cbcbe7bc55f38e,uspto-grants,data/11/ord_dataset-1158e351757f315b93cbcbe7bc55f38e.parquet
ord_dataset-42cd9bc5aae3485f9a58f1527bd3abf0,uspto-grants-2015_11,ord_dataset-1158e351757f315b93cbcbe7bc55f38e,uspto-grants,data/11/ord_dataset-1158e351757f315b93cbcbe7bc55f38e.parquet
ord_dataset-9cc455db05a444779921f786a45b21a6,uspto-grants-2015_12,ord_dataset-1158e351757f315b93cbcbe7bc55f38e,uspto-grants,data/11/ord_dataset-1158e351757f315b93cbcbe7bc55f38e.parquet
ord_dataset-3953983e052a4076aa7cc0880b79cb8b,uspto-grants-2016_01,ord_dataset-1158e351757f315b93cbcbe7bc55f38e,uspto-grants,data/11/ord_dataset-1158e351757f315b93cbcbe7bc55f38e.parquet
ord_dataset-c1e70ad912eb438f8d34b1dc681f809a,uspto-grants-2016_02,ord_dataset-1158e351757f315b93cbcbe7bc55f38e,uspto-grants,data/11/ord_dataset-1158e351757f315b93cbcbe7bc55f38e.parquet
ord_dataset-54347fcace774f89850681d6dec8009f,uspto-grants-2016_03,ord_dataset-1158e351757f315b93cbcbe7bc55f38e,uspto-grants,data/11/ord_dataset-1158e351757f315b93cbcbe7bc55f38e.parquet
ord_dataset-3f2a531ffbae4b9eb1048afcd7953beb,uspto-grants-2016_04,ord_dataset-1158e351757f315b93cbcbe7bc55f38e,uspto-grants,data/11/ord_dataset-1158e351757f315b93cbcbe7bc55f38e.parquet
ord_dataset-36057d699ac5449e9c37eb99abf78b03,uspto-grants-2016_05,ord_dataset-1158e351757f315b93cbcbe7bc55f38e,uspto-grants,data/11/ord_dataset-1158e351757f315b93cbcbe7bc55f38e.parquet
ord_dataset-eacfee6d16d8455a93348409f1b37be4,uspto-grants-2016_06,ord_dataset-1158e351757f315b93cbcbe7bc55f38e,uspto-grants,data/11/ord_dataset-1158e351757f315b93cbcbe7bc55f38e.parquet
ord_dataset-60a3e71da3174666a50a61dcfa611a9f,uspto-grants-2016_07,ord_dataset-1158e351757f315b93cbcbe7bc55f38e,uspto-grants,data/11/ord_dataset-1158e351757f315b93cbcbe7bc55f38e.parquet
ord_dataset-97eb2ab57fec4160922caae33b54d956,uspto-grants-2016_08,ord_dataset-1158e351757f315b93cbcbe7bc55f38e,uspto-grants,data/11/ord_dataset-1158e351757f315b93cbcbe7bc55f38e.parquet
ord_dataset-0b32b90cc77b4a3db47ad263e0bbc1a8,uspto-grants-2016_09,ord_dataset-1158e351757f315b93cbcbe7bc55f38e,uspto-grants,data/11/ord_dataset-1158e351757f315b93cbcbe7bc55f38e.parquet
ord_dataset-9fc3edef9c184a1ca682846f02268768,Training data from https://doi.org/10.1039/C8SC04228D (1/10),ord_dataset-e7830cd6b11158b43994ccfb5ee9acb3,Training data from https://doi.org/10.1039/C8SC04228D,data/e7/ord_dataset-e7830cd6b11158b43994ccfb5ee9acb3.parquet
ord_dataset-f65ca20d97ea49548e969f0e8a633933,Training data from https://doi.org/10.1039/C8SC04228D (10/10),ord_dataset-e7830cd6b11158b43994ccfb5ee9acb3,Training data from https://doi.org/10.1039/C8SC04228D,data/e7/ord_dataset-e7830cd6b11158b43994ccfb5ee9acb3.parquet
ord_dataset-0c1e1da868cd46c59efce6d5d4bc3d63,Training data from https://doi.org/10.1039/C8SC04228D (2/10),ord_dataset-e7830cd6b11158b43994ccfb5ee9acb3,Training data from https://doi.org/10.1039/C8SC04228D,data/e7/ord_dataset-e7830cd6b11158b43994ccfb5ee9acb3.parquet
ord_dataset-423c10301cff45cb8e2bddea2ea5088c,Training data from https://doi.org/10.1039/C8SC04228D (3/10),ord_dataset-e7830cd6b11158b43994ccfb5ee9acb3,Training data from https://doi.org/10.1039/C8SC04228D,data/e7/ord_dataset-e7830cd6b11158b43994ccfb5ee9acb3.parquet
ord_dataset-e52a0f66fdfa4d2ebbb136996350b697,Training data from https://doi.org/10.1039/C8SC04228D (4/10),ord_dataset-e7830cd6b11158b43994ccfb5ee9acb3,Training data from https://doi.org/10.1039/C8SC04228D,data/e7/ord_dataset-e7830cd6b11158b43994ccfb5ee9acb3.parquet
ord_dataset-76a0b901ffe64a2ea3752c04631e822b,Training data from https://doi.org/10.1039/C8SC04228D (5/10),ord_dataset-e7830cd6b11158b43994ccfb5ee9acb3,Training data from https://doi.org/10.1039/C8SC04228D,data/e7/ord_dataset-e7830cd6b11158b43994ccfb5ee9acb3.parquet
ord_dataset-0d07c40794ad4a1c8bc28cc4f8ac4184,Training data from https://doi.org/10.1039/C8SC04228D (6/10),ord_dataset-e7830cd6b11158b43994ccfb5ee9acb3,Training data from https://doi.org/10.1039/C8SC04228D,data/e7/ord_dataset-e7830cd6b11158b43994ccfb5ee9acb3.parquet
ord_dataset-6d65cff9c5f346249fd732d328fb85b1,Training data from https://doi.org/10.1039/C8SC04228D (7/10),ord_dataset-e7830cd6b11158b43994ccfb5ee9acb3,Training data from https://doi.org/10.1039/C8SC04228D,data/e7/ord_dataset-e7830cd6b11158b43994ccfb5ee9acb3.parquet
ord_dataset-18997de394014754be4e04946012e12b,Training data from https://doi.org/10.1039/C8SC04228D (8/10),ord_dataset-e7830cd6b11158b43994ccfb5ee9acb3,Training data from https://doi.org/10.1039/C8SC04228D,data/e7/ord_dataset-e7830cd6b11158b43994ccfb5ee9acb3.parquet
ord_dataset-0ccd6c23c9ef4238854293a8da501bd3,Training data from https://doi.org/10.1039/C8SC04228D (9/10),ord_dataset-e7830cd6b11158b43994ccfb5ee9acb3,Training data from https://doi.org/10.1039/C8SC04228D,data/e7/ord_dataset-e7830cd6b11158b43994ccfb5ee9acb3.parquet
