Aryl_halide_smiles,Ligand_CAS,Ligand_smiles,Base_smiles,Solvent_smiles,Temperature,Yield,CN_product_smiles
O=C1NC2=CC(Br)=CC3=C2N(C(CC(OC)=O)CC3)C1=O,40691-33-6,CC1=CC=CC=C1P(C2=CC=CC=C2C)C3=CC=CC=C3C.CC1=CC=CC=C1P(C2=CC=CC=C2C)C3=CC=CC=C3C.Cl[Pd]Cl,CC(C)(C)[O-].[Na+],CC1=CC=CC=C1  ,100,0,O=C1NC2=CC(N3CCCCC3)=CC4=C2N(C(CC(OC)=O)CC4)C1=O
O=C(N(C)C1)C2=CC(Br)=CC=C2N3C1=C(C(OCC)=O)N=C3,40691-33-6,CC1=CC=CC=C1P(C2=CC=CC=C2C)C3=CC=CC=C3C.CC1=CC=CC=C1P(C2=CC=CC=C2C)C3=CC=CC=C3C.Cl[Pd]Cl,CC(C)(C)[O-].[Na+],CC1=CC=CC=C1  ,100,0,O=C(N(C)C1)C2=CC(N3CCCCC3)=CC=C2N4C1=C(C(OCC)=O)N=C4
BrC1=CC=C(OC2=C(C3=CC=C(S(C)(=O)=O)C=C3)C(C)(C)OC2=O)N=C1,40691-33-6,CC1=CC=CC=C1P(C2=CC=CC=C2C)C3=CC=CC=C3C.CC1=CC=CC=C1P(C2=CC=CC=C2C)C3=CC=CC=C3C.Cl[Pd]Cl,CC(C)(C)[O-].[Na+],CC1=CC=CC=C1  ,100,0,CS(C(C=C1)=CC=C1C(C(C)(C)OC2=O)=C2OC3=CC=C(N4CCCCC4)C=N3)(=O)=O
O=C(O[C@H]1CN(C(OC(C)(C)C)=O)[C@H](C(OC)=O)C1)N(C2)CC3=C2C(F)=CC=C3Br,40691-33-6,CC1=CC=CC=C1P(C2=CC=CC=C2C)C3=CC=CC=C3C.CC1=CC=CC=C1P(C2=CC=CC=C2C)C3=CC=CC=C3C.Cl[Pd]Cl,CC(C)(C)[O-].[Na+],CC1=CC=CC=C1  ,100,0,O=C(N1CC(C(F)=CC=C2N3CCCCC3)=C2C1)O[C@H]4CN([C@@H](C4)C(OC)=O)C(OC(C)(C)C)=O
O=C([C@H]1N(C(OCC2=CC=CC=C2)=O)CCC1)C3=CNC4=C3C=C(Br)C=C4,40691-33-6,CC1=CC=CC=C1P(C2=CC=CC=C2C)C3=CC=CC=C3C.CC1=CC=CC=C1P(C2=CC=CC=C2C)C3=CC=CC=C3C.Cl[Pd]Cl,CC(C)(C)[O-].[Na+],CC1=CC=CC=C1  ,100,0,O=C([C@H]1N(C(OCC2=CC=CC=C2)=O)CCC1)C3=CNC4=C3C=C(N5CCCCC5)C=C4
O=C(OCC)N(CC/1)CCC1=C2C3=NC=C(Br)C=C3CCC4=C/2C=CC(Cl)=C4,40691-33-6,CC1=CC=CC=C1P(C2=CC=CC=C2C)C3=CC=CC=C3C.CC1=CC=CC=C1P(C2=CC=CC=C2C)C3=CC=CC=C3C.Cl[Pd]Cl,CC(C)(C)[O-].[Na+],CC1=CC=CC=C1  ,100,7,O=C(OCC)N(CC/1)CCC1=C2C3=NC=C(N4CCCCC4)C=C3CCC5=C/2C=CC(Cl)=C5
ClC(C=C1)=CC=C1CN(C2=C3CC[C@@H]2CC(O)=O)C4=C3C=C(F)C=C4Br,40691-33-6,CC1=CC=CC=C1P(C2=CC=CC=C2C)C3=CC=CC=C3C.CC1=CC=CC=C1P(C2=CC=CC=C2C)C3=CC=CC=C3C.Cl[Pd]Cl,CC(C)(C)[O-].[Na+],CC1=CC=CC=C1  ,100,0,ClC(C=C1)=CC=C1CN(C2=C3CC[C@@H]2CC(O)=O)C4=C3C=C(F)C=C4N5CCCCC5
O=C(O[C@H]1CN(C(OCC2=CC=CC=C2)=O)[C@H](C(OC)=O)C1)N(C3)CC4=C3C=CC=C4Br,40691-33-6,CC1=CC=CC=C1P(C2=CC=CC=C2C)C3=CC=CC=C3C.CC1=CC=CC=C1P(C2=CC=CC=C2C)C3=CC=CC=C3C.Cl[Pd]Cl,CC(C)(C)[O-].[Na+],CC1=CC=CC=C1  ,100,0,O=C(O[C@H]1CN(C(OCC2=CC=CC=C2)=O)[C@H](C(OC)=O)C1)N(C3)CC4=C3C=CC=C4N5CCCCC5
FC1=CC(OC2CCN(C3=NOC(C4=NN(CC(O)=O)N=N4)=C3)CC2)=C(Br)C=C1,40691-33-6,CC1=CC=CC=C1P(C2=CC=CC=C2C)C3=CC=CC=C3C.CC1=CC=CC=C1P(C2=CC=CC=C2C)C3=CC=CC=C3C.Cl[Pd]Cl,CC(C)(C)[O-].[Na+],CC1=CC=CC=C1  ,100,0,FC1=CC(OC2CCN(C3=NOC(C4=NN(CC(O)=O)N=N4)=C3)CC2)=C(N5CCCCC5)C=C1
OC1=C(C(NCC2=CC=C(F)C=C2)=O)N=C(Br)C3=C1N=CC=C3,40691-33-6,CC1=CC=CC=C1P(C2=CC=CC=C2C)C3=CC=CC=C3C.CC1=CC=CC=C1P(C2=CC=CC=C2C)C3=CC=CC=C3C.Cl[Pd]Cl,CC(C)(C)[O-].[Na+],CC1=CC=CC=C1  ,100,15,OC1=C(C(NCC2=CC=C(F)C=C2)=O)N=C(N3CCCCC3)C4=C1N=CC=C4
CC1=CC(C#N)=CC(C)=C1OC2=NC(NC3=CC=C(C#N)C=C3)=NC(N)=C2Br,40691-33-6,CC1=CC=CC=C1P(C2=CC=CC=C2C)C3=CC=CC=C3C.CC1=CC=CC=C1P(C2=CC=CC=C2C)C3=CC=CC=C3C.Cl[Pd]Cl,CC(C)(C)[O-].[Na+],CC1=CC=CC=C1  ,100,0,CC1=CC(C#N)=CC(C)=C1OC2=NC(NC3=CC=C(C#N)C=C3)=NC(N)=C2N4CCCCC4
BrC1=CC(CN2C(N[C@H]3CCC[C@H]3O)=NC4=C2C(N(CC)C(N4CCO)=O)=O)=CC=C1OC,40691-33-6,CC1=CC=CC=C1P(C2=CC=CC=C2C)C3=CC=CC=C3C.CC1=CC=CC=C1P(C2=CC=CC=C2C)C3=CC=CC=C3C.Cl[Pd]Cl,CC(C)(C)[O-].[Na+],CC1=CC=CC=C1  ,100,41,O[C@@H]1CCC[C@@H]1NC(N2CC3=CC=C(OC)C(N4CCCCC4)=C3)=NC5=C2C(N(CC)C(N5CCO)=O)=O
BrC1=CSC([C@@](CC(N/2C)=O)(C)NC2=N\C(OC(C)(C)C)=O)=C1,40691-33-6,CC1=CC=CC=C1P(C2=CC=CC=C2C)C3=CC=CC=C3C.CC1=CC=CC=C1P(C2=CC=CC=C2C)C3=CC=CC=C3C.Cl[Pd]Cl,CC(C)(C)[O-].[Na+],CC1=CC=CC=C1  ,100,0,C[C@](CC(N/1C)=O)(C2=CC(N3CCCCC3)=CS2)NC1=N\C(OC(C)(C)C)=O
IC1=C(F)C=C(N2C[C@H](CN3C=CN=N3)OC2=O)C=C1,40691-33-6,CC1=CC=CC=C1P(C2=CC=CC=C2C)C3=CC=CC=C3C.CC1=CC=CC=C1P(C2=CC=CC=C2C)C3=CC=CC=C3C.Cl[Pd]Cl,CC(C)(C)[O-].[Na+],CC1=CC=CC=C1  ,100,0,FC1=C(N2CCCCC2)C=CC(N3C[C@H](CN4C=CN=N4)OC3=O)=C1
O=C1N(CC2=CC=C(C3=C(S(NC(C)(C)C)(=O)=O)C=CC=C3)C=C2)C(CCC)=NC4=C1C=C(I)C=C4,40691-33-6,CC1=CC=CC=C1P(C2=CC=CC=C2C)C3=CC=CC=C3C.CC1=CC=CC=C1P(C2=CC=CC=C2C)C3=CC=CC=C3C.Cl[Pd]Cl,CC(C)(C)[O-].[Na+],CC1=CC=CC=C1  ,100,25,O=C1N(CC2=CC=C(C3=C(S(NC(C)(C)C)(=O)=O)C=CC=C3)C=C2)C(CCC)=NC4=C1C=C(N5CCCCC5)C=C4
ClC1=CC2=C([C@H](C(C)(NC(C)=O)C)CC23CCN(CC3)C(OC(C)(C)C)=O)C=C1C,40691-33-6,CC1=CC=CC=C1P(C2=CC=CC=C2C)C3=CC=CC=C3C.CC1=CC=CC=C1P(C2=CC=CC=C2C)C3=CC=CC=C3C.Cl[Pd]Cl,CC(C)(C)[O-].[Na+],CC1=CC=CC=C1  ,100,2,CC1=CC([C@H](C(C)(NC(C)=O)C)CC23CCN(CC3)C(OC(C)(C)C)=O)=C2C=C1N4CCCCC4
ClC1=CC=C(NC(O[C@]2(C#CC3CC3)C(F)(F)F)=O)C2=C1,40691-33-6,CC1=CC=CC=C1P(C2=CC=CC=C2C)C3=CC=CC=C3C.CC1=CC=CC=C1P(C2=CC=CC=C2C)C3=CC=CC=C3C.Cl[Pd]Cl,CC(C)(C)[O-].[Na+],CC1=CC=CC=C1  ,100,0,O=C1NC2=CC=C(N3CCCCC3)C=C2[C@@](C#CC4CC4)(C(F)(F)F)O1
ClC(C=C1)=CC=C1CN2C3=CC=C(OCC4=CC=C(C=CC=C5)C5=N4)C=C3C(SC(C)(C)C)=C2CC(C)(C(OC)=O)C,40691-33-6,CC1=CC=CC=C1P(C2=CC=CC=C2C)C3=CC=CC=C3C.CC1=CC=CC=C1P(C2=CC=CC=C2C)C3=CC=CC=C3C.Cl[Pd]Cl,CC(C)(C)[O-].[Na+],CC1=CC=CC=C1  ,100,0,CC(C)(C)SC1=C(CC(C)(C(OC)=O)C)N(CC2=CC=C(N3CCCCC3)C=C2)C4=CC=C(OCC5=CC=C(C=CC=C6)C6=N5)C=C41
O=C1NC2=CC(Br)=CC3=C2N(C(CC(OC)=O)CC3)C1=O,158923-11-6,CC(C1=C(C=C[CH]1)P(C2CCCCC2)C3CCCCC3)P(C(C)(C)C)C(C)(C)C.C1=C[CH]C=C1.[Fe],CC(C)(C)[O-].[Na+],COCCOC,80,0,O=C1NC2=CC(N3CCCCC3)=CC4=C2N(C(CC(OC)=O)CC4)C1=O
O=C(N(C)C1)C2=CC(Br)=CC=C2N3C1=C(C(OCC)=O)N=C3,158923-11-6,CC(C1=C(C=C[CH]1)P(C2CCCCC2)C3CCCCC3)P(C(C)(C)C)C(C)(C)C.C1=C[CH]C=C1.[Fe],CC(C)(C)[O-].[Na+],COCCOC,80,88,O=C(N(C)C1)C2=CC(N3CCCCC3)=CC=C2N4C1=C(C(OCC)=O)N=C4
BrC1=CC=C(OC2=C(C3=CC=C(S(C)(=O)=O)C=C3)C(C)(C)OC2=O)N=C1,158923-11-6,CC(C1=C(C=C[CH]1)P(C2CCCCC2)C3CCCCC3)P(C(C)(C)C)C(C)(C)C.C1=C[CH]C=C1.[Fe],CC(C)(C)[O-].[Na+],COCCOC,80,0,CS(C(C=C1)=CC=C1C(C(C)(C)OC2=O)=C2OC3=CC=C(N4CCCCC4)C=N3)(=O)=O
O=C(O[C@H]1CN(C(OC(C)(C)C)=O)[C@H](C(OC)=O)C1)N(C2)CC3=C2C(F)=CC=C3Br,158923-11-6,CC(C1=C(C=C[CH]1)P(C2CCCCC2)C3CCCCC3)P(C(C)(C)C)C(C)(C)C.C1=C[CH]C=C1.[Fe],CC(C)(C)[O-].[Na+],COCCOC,80,0,O=C(N1CC(C(F)=CC=C2N3CCCCC3)=C2C1)O[C@H]4CN([C@@H](C4)C(OC)=O)C(OC(C)(C)C)=O
O=C([C@H]1N(C(OCC2=CC=CC=C2)=O)CCC1)C3=CNC4=C3C=C(Br)C=C4,158923-11-6,CC(C1=C(C=C[CH]1)P(C2CCCCC2)C3CCCCC3)P(C(C)(C)C)C(C)(C)C.C1=C[CH]C=C1.[Fe],CC(C)(C)[O-].[Na+],COCCOC,80,8,O=C([C@H]1N(C(OCC2=CC=CC=C2)=O)CCC1)C3=CNC4=C3C=C(N5CCCCC5)C=C4
O=C(OCC)N(CC/1)CCC1=C2C3=NC=C(Br)C=C3CCC4=C/2C=CC(Cl)=C4,158923-11-6,CC(C1=C(C=C[CH]1)P(C2CCCCC2)C3CCCCC3)P(C(C)(C)C)C(C)(C)C.C1=C[CH]C=C1.[Fe],CC(C)(C)[O-].[Na+],COCCOC,80,0,O=C(OCC)N(CC/1)CCC1=C2C3=NC=C(N4CCCCC4)C=C3CCC5=C/2C=CC(Cl)=C5
ClC(C=C1)=CC=C1CN(C2=C3CC[C@@H]2CC(O)=O)C4=C3C=C(F)C=C4Br,158923-11-6,CC(C1=C(C=C[CH]1)P(C2CCCCC2)C3CCCCC3)P(C(C)(C)C)C(C)(C)C.C1=C[CH]C=C1.[Fe],CC(C)(C)[O-].[Na+],COCCOC,80,0,ClC(C=C1)=CC=C1CN(C2=C3CC[C@@H]2CC(O)=O)C4=C3C=C(F)C=C4N5CCCCC5
O=C(O[C@H]1CN(C(OCC2=CC=CC=C2)=O)[C@H](C(OC)=O)C1)N(C3)CC4=C3C=CC=C4Br,158923-11-6,CC(C1=C(C=C[CH]1)P(C2CCCCC2)C3CCCCC3)P(C(C)(C)C)C(C)(C)C.C1=C[CH]C=C1.[Fe],CC(C)(C)[O-].[Na+],COCCOC,80,2,O=C(O[C@H]1CN(C(OCC2=CC=CC=C2)=O)[C@H](C(OC)=O)C1)N(C3)CC4=C3C=CC=C4N5CCCCC5
FC1=CC(OC2CCN(C3=NOC(C4=NN(CC(O)=O)N=N4)=C3)CC2)=C(Br)C=C1,158923-11-6,CC(C1=C(C=C[CH]1)P(C2CCCCC2)C3CCCCC3)P(C(C)(C)C)C(C)(C)C.C1=C[CH]C=C1.[Fe],CC(C)(C)[O-].[Na+],COCCOC,80,0,FC1=CC(OC2CCN(C3=NOC(C4=NN(CC(O)=O)N=N4)=C3)CC2)=C(N5CCCCC5)C=C1
OC1=C(C(NCC2=CC=C(F)C=C2)=O)N=C(Br)C3=C1N=CC=C3,158923-11-6,CC(C1=C(C=C[CH]1)P(C2CCCCC2)C3CCCCC3)P(C(C)(C)C)C(C)(C)C.C1=C[CH]C=C1.[Fe],CC(C)(C)[O-].[Na+],COCCOC,80,10,OC1=C(C(NCC2=CC=C(F)C=C2)=O)N=C(N3CCCCC3)C4=C1N=CC=C4
CC1=CC(C#N)=CC(C)=C1OC2=NC(NC3=CC=C(C#N)C=C3)=NC(N)=C2Br,158923-11-6,CC(C1=C(C=C[CH]1)P(C2CCCCC2)C3CCCCC3)P(C(C)(C)C)C(C)(C)C.C1=C[CH]C=C1.[Fe],CC(C)(C)[O-].[Na+],COCCOC,80,0,CC1=CC(C#N)=CC(C)=C1OC2=NC(NC3=CC=C(C#N)C=C3)=NC(N)=C2N4CCCCC4
BrC1=CC(CN2C(N[C@H]3CCC[C@H]3O)=NC4=C2C(N(CC)C(N4CCO)=O)=O)=CC=C1OC,158923-11-6,CC(C1=C(C=C[CH]1)P(C2CCCCC2)C3CCCCC3)P(C(C)(C)C)C(C)(C)C.C1=C[CH]C=C1.[Fe],CC(C)(C)[O-].[Na+],COCCOC,80,0,O[C@@H]1CCC[C@@H]1NC(N2CC3=CC=C(OC)C(N4CCCCC4)=C3)=NC5=C2C(N(CC)C(N5CCO)=O)=O
BrC1=CSC([C@@](CC(N/2C)=O)(C)NC2=N\C(OC(C)(C)C)=O)=C1,158923-11-6,CC(C1=C(C=C[CH]1)P(C2CCCCC2)C3CCCCC3)P(C(C)(C)C)C(C)(C)C.C1=C[CH]C=C1.[Fe],CC(C)(C)[O-].[Na+],COCCOC,80,0,C[C@](CC(N/1C)=O)(C2=CC(N3CCCCC3)=CS2)NC1=N\C(OC(C)(C)C)=O
IC1=C(F)C=C(N2C[C@H](CN3C=CN=N3)OC2=O)C=C1,158923-11-6,CC(C1=C(C=C[CH]1)P(C2CCCCC2)C3CCCCC3)P(C(C)(C)C)C(C)(C)C.C1=C[CH]C=C1.[Fe],CC(C)(C)[O-].[Na+],COCCOC,80,0,FC1=C(N2CCCCC2)C=CC(N3C[C@H](CN4C=CN=N4)OC3=O)=C1
O=C1N(CC2=CC=C(C3=C(S(NC(C)(C)C)(=O)=O)C=CC=C3)C=C2)C(CCC)=NC4=C1C=C(I)C=C4,158923-11-6,CC(C1=C(C=C[CH]1)P(C2CCCCC2)C3CCCCC3)P(C(C)(C)C)C(C)(C)C.C1=C[CH]C=C1.[Fe],CC(C)(C)[O-].[Na+],COCCOC,80,20,O=C1N(CC2=CC=C(C3=C(S(NC(C)(C)C)(=O)=O)C=CC=C3)C=C2)C(CCC)=NC4=C1C=C(N5CCCCC5)C=C4
ClC1=CC2=C([C@H](C(C)(NC(C)=O)C)CC23CCN(CC3)C(OC(C)(C)C)=O)C=C1C,158923-11-6,CC(C1=C(C=C[CH]1)P(C2CCCCC2)C3CCCCC3)P(C(C)(C)C)C(C)(C)C.C1=C[CH]C=C1.[Fe],CC(C)(C)[O-].[Na+],COCCOC,80,53,CC1=CC([C@H](C(C)(NC(C)=O)C)CC23CCN(CC3)C(OC(C)(C)C)=O)=C2C=C1N4CCCCC4
ClC1=CC=C(NC(O[C@]2(C#CC3CC3)C(F)(F)F)=O)C2=C1,158923-11-6,CC(C1=C(C=C[CH]1)P(C2CCCCC2)C3CCCCC3)P(C(C)(C)C)C(C)(C)C.C1=C[CH]C=C1.[Fe],CC(C)(C)[O-].[Na+],COCCOC,80,4,O=C1NC2=CC=C(N3CCCCC3)C=C2[C@@](C#CC4CC4)(C(F)(F)F)O1
ClC(C=C1)=CC=C1CN2C3=CC=C(OCC4=CC=C(C=CC=C5)C5=N4)C=C3C(SC(C)(C)C)=C2CC(C)(C(OC)=O)C,158923-11-6,CC(C1=C(C=C[CH]1)P(C2CCCCC2)C3CCCCC3)P(C(C)(C)C)C(C)(C)C.C1=C[CH]C=C1.[Fe],CC(C)(C)[O-].[Na+],COCCOC,80,0,CC(C)(C)SC1=C(CC(C)(C(OC)=O)C)N(CC2=CC=C(N3CCCCC3)C=C2)C4=CC=C(OCC5=CC=C(C=CC=C6)C6=N5)C=C41
O=C1NC2=CC(Br)=CC3=C2N(C(CC(OC)=O)CC3)C1=O,884879-23-6,CC(C1=C(N2/C(N(C3=C(C(C)C)C=CC=C3C(C)C)C=C2)=[Pd]\Cl)C(C(C)C)=CC=C1)C.C=CCC4=CC=CC=C4,CC(C)(C)[O-].[K+],COCCOC,25,1,O=C1NC2=CC(N3CCCCC3)=CC4=C2N(C(CC(OC)=O)CC4)C1=O
O=C(N(C)C1)C2=CC(Br)=CC=C2N3C1=C(C(OCC)=O)N=C3,884879-23-6,CC(C1=C(N2/C(N(C3=C(C(C)C)C=CC=C3C(C)C)C=C2)=[Pd]\Cl)C(C(C)C)=CC=C1)C.C=CCC4=CC=CC=C4,CC(C)(C)[O-].[K+],COCCOC,25,1,O=C(N(C)C1)C2=CC(N3CCCCC3)=CC=C2N4C1=C(C(OCC)=O)N=C4
BrC1=CC=C(OC2=C(C3=CC=C(S(C)(=O)=O)C=C3)C(C)(C)OC2=O)N=C1,884879-23-6,CC(C1=C(N2/C(N(C3=C(C(C)C)C=CC=C3C(C)C)C=C2)=[Pd]\Cl)C(C(C)C)=CC=C1)C.C=CCC4=CC=CC=C4,CC(C)(C)[O-].[K+],COCCOC,25,0,CS(C(C=C1)=CC=C1C(C(C)(C)OC2=O)=C2OC3=CC=C(N4CCCCC4)C=N3)(=O)=O
O=C(O[C@H]1CN(C(OC(C)(C)C)=O)[C@H](C(OC)=O)C1)N(C2)CC3=C2C(F)=CC=C3Br,884879-23-6,CC(C1=C(N2/C(N(C3=C(C(C)C)C=CC=C3C(C)C)C=C2)=[Pd]\Cl)C(C(C)C)=CC=C1)C.C=CCC4=CC=CC=C4,CC(C)(C)[O-].[K+],COCCOC,25,0,O=C(N1CC(C(F)=CC=C2N3CCCCC3)=C2C1)O[C@H]4CN([C@@H](C4)C(OC)=O)C(OC(C)(C)C)=O
O=C([C@H]1N(C(OCC2=CC=CC=C2)=O)CCC1)C3=CNC4=C3C=C(Br)C=C4,884879-23-6,CC(C1=C(N2/C(N(C3=C(C(C)C)C=CC=C3C(C)C)C=C2)=[Pd]\Cl)C(C(C)C)=CC=C1)C.C=CCC4=CC=CC=C4,CC(C)(C)[O-].[K+],COCCOC,25,5,O=C([C@H]1N(C(OCC2=CC=CC=C2)=O)CCC1)C3=CNC4=C3C=C(N5CCCCC5)C=C4
O=C(OCC)N(CC/1)CCC1=C2C3=NC=C(Br)C=C3CCC4=C/2C=CC(Cl)=C4,884879-23-6,CC(C1=C(N2/C(N(C3=C(C(C)C)C=CC=C3C(C)C)C=C2)=[Pd]\Cl)C(C(C)C)=CC=C1)C.C=CCC4=CC=CC=C4,CC(C)(C)[O-].[K+],COCCOC,25,3,O=C(OCC)N(CC/1)CCC1=C2C3=NC=C(N4CCCCC4)C=C3CCC5=C/2C=CC(Cl)=C5
ClC(C=C1)=CC=C1CN(C2=C3CC[C@@H]2CC(O)=O)C4=C3C=C(F)C=C4Br,884879-23-6,CC(C1=C(N2/C(N(C3=C(C(C)C)C=CC=C3C(C)C)C=C2)=[Pd]\Cl)C(C(C)C)=CC=C1)C.C=CCC4=CC=CC=C4,CC(C)(C)[O-].[K+],COCCOC,25,0,ClC(C=C1)=CC=C1CN(C2=C3CC[C@@H]2CC(O)=O)C4=C3C=C(F)C=C4N5CCCCC5
O=C(O[C@H]1CN(C(OCC2=CC=CC=C2)=O)[C@H](C(OC)=O)C1)N(C3)CC4=C3C=CC=C4Br,884879-23-6,CC(C1=C(N2/C(N(C3=C(C(C)C)C=CC=C3C(C)C)C=C2)=[Pd]\Cl)C(C(C)C)=CC=C1)C.C=CCC4=CC=CC=C4,CC(C)(C)[O-].[K+],COCCOC,25,2,O=C(O[C@H]1CN(C(OCC2=CC=CC=C2)=O)[C@H](C(OC)=O)C1)N(C3)CC4=C3C=CC=C4N5CCCCC5
FC1=CC(OC2CCN(C3=NOC(C4=NN(CC(O)=O)N=N4)=C3)CC2)=C(Br)C=C1,884879-23-6,CC(C1=C(N2/C(N(C3=C(C(C)C)C=CC=C3C(C)C)C=C2)=[Pd]\Cl)C(C(C)C)=CC=C1)C.C=CCC4=CC=CC=C4,CC(C)(C)[O-].[K+],COCCOC,25,0,FC1=CC(OC2CCN(C3=NOC(C4=NN(CC(O)=O)N=N4)=C3)CC2)=C(N5CCCCC5)C=C1
OC1=C(C(NCC2=CC=C(F)C=C2)=O)N=C(Br)C3=C1N=CC=C3,884879-23-6,CC(C1=C(N2/C(N(C3=C(C(C)C)C=CC=C3C(C)C)C=C2)=[Pd]\Cl)C(C(C)C)=CC=C1)C.C=CCC4=CC=CC=C4,CC(C)(C)[O-].[K+],COCCOC,25,90,OC1=C(C(NCC2=CC=C(F)C=C2)=O)N=C(N3CCCCC3)C4=C1N=CC=C4
CC1=CC(C#N)=CC(C)=C1OC2=NC(NC3=CC=C(C#N)C=C3)=NC(N)=C2Br,884879-23-6,CC(C1=C(N2/C(N(C3=C(C(C)C)C=CC=C3C(C)C)C=C2)=[Pd]\Cl)C(C(C)C)=CC=C1)C.C=CCC4=CC=CC=C4,CC(C)(C)[O-].[K+],COCCOC,25,0,CC1=CC(C#N)=CC(C)=C1OC2=NC(NC3=CC=C(C#N)C=C3)=NC(N)=C2N4CCCCC4
BrC1=CC(CN2C(N[C@H]3CCC[C@H]3O)=NC4=C2C(N(CC)C(N4CCO)=O)=O)=CC=C1OC,884879-23-6,CC(C1=C(N2/C(N(C3=C(C(C)C)C=CC=C3C(C)C)C=C2)=[Pd]\Cl)C(C(C)C)=CC=C1)C.C=CCC4=CC=CC=C4,CC(C)(C)[O-].[K+],COCCOC,25,0,O[C@@H]1CCC[C@@H]1NC(N2CC3=CC=C(OC)C(N4CCCCC4)=C3)=NC5=C2C(N(CC)C(N5CCO)=O)=O
BrC1=CSC([C@@](CC(N/2C)=O)(C)NC2=N\C(OC(C)(C)C)=O)=C1,884879-23-6,CC(C1=C(N2/C(N(C3=C(C(C)C)C=CC=C3C(C)C)C=C2)=[Pd]\Cl)C(C(C)C)=CC=C1)C.C=CCC4=CC=CC=C4,CC(C)(C)[O-].[K+],COCCOC,25,0,C[C@](CC(N/1C)=O)(C2=CC(N3CCCCC3)=CS2)NC1=N\C(OC(C)(C)C)=O
IC1=C(F)C=C(N2C[C@H](CN3C=CN=N3)OC2=O)C=C1,884879-23-6,CC(C1=C(N2/C(N(C3=C(C(C)C)C=CC=C3C(C)C)C=C2)=[Pd]\Cl)C(C(C)C)=CC=C1)C.C=CCC4=CC=CC=C4,CC(C)(C)[O-].[K+],COCCOC,25,0,FC1=C(N2CCCCC2)C=CC(N3C[C@H](CN4C=CN=N4)OC3=O)=C1
O=C1N(CC2=CC=C(C3=C(S(NC(C)(C)C)(=O)=O)C=CC=C3)C=C2)C(CCC)=NC4=C1C=C(I)C=C4,884879-23-6,CC(C1=C(N2/C(N(C3=C(C(C)C)C=CC=C3C(C)C)C=C2)=[Pd]\Cl)C(C(C)C)=CC=C1)C.C=CCC4=CC=CC=C4,CC(C)(C)[O-].[K+],COCCOC,25,45,O=C1N(CC2=CC=C(C3=C(S(NC(C)(C)C)(=O)=O)C=CC=C3)C=C2)C(CCC)=NC4=C1C=C(N5CCCCC5)C=C4
ClC1=CC2=C([C@H](C(C)(NC(C)=O)C)CC23CCN(CC3)C(OC(C)(C)C)=O)C=C1C,884879-23-6,CC(C1=C(N2/C(N(C3=C(C(C)C)C=CC=C3C(C)C)C=C2)=[Pd]\Cl)C(C(C)C)=CC=C1)C.C=CCC4=CC=CC=C4,CC(C)(C)[O-].[K+],COCCOC,25,42,CC1=CC([C@H](C(C)(NC(C)=O)C)CC23CCN(CC3)C(OC(C)(C)C)=O)=C2C=C1N4CCCCC4
ClC1=CC=C(NC(O[C@]2(C#CC3CC3)C(F)(F)F)=O)C2=C1,884879-23-6,CC(C1=C(N2/C(N(C3=C(C(C)C)C=CC=C3C(C)C)C=C2)=[Pd]\Cl)C(C(C)C)=CC=C1)C.C=CCC4=CC=CC=C4,CC(C)(C)[O-].[K+],COCCOC,25,0,O=C1NC2=CC=C(N3CCCCC3)C=C2[C@@](C#CC4CC4)(C(F)(F)F)O1
ClC(C=C1)=CC=C1CN2C3=CC=C(OCC4=CC=C(C=CC=C5)C5=N4)C=C3C(SC(C)(C)C)=C2CC(C)(C(OC)=O)C,884879-23-6,CC(C1=C(N2/C(N(C3=C(C(C)C)C=CC=C3C(C)C)C=C2)=[Pd]\Cl)C(C(C)C)=CC=C1)C.C=CCC4=CC=CC=C4,CC(C)(C)[O-].[K+],COCCOC,25,40,CC(C)(C)SC1=C(CC(C)(C(OC)=O)C)N(CC2=CC=C(N3CCCCC3)C=C2)C4=CC=C(OCC5=CC=C(C=CC=C6)C6=N5)C=C41
O=C1NC2=CC(Br)=CC3=C2N(C(CC(OC)=O)CC3)C1=O,1375325-68-0,CC(C)OC1=C(C(=CC=C1)OC(C)C)C2=CC=CC=C2P(C3CCCCC3)C4CCCCC4.C1=CC=C([C-]=C1)C2=CC=CC=C2N.Cl[Pd+],[Li+].C[Si](C)(C)[N-][Si](C)(C)C,C1COCCO1,80,0,O=C1NC2=CC(N3CCCCC3)=CC4=C2N(C(CC(OC)=O)CC4)C1=O
O=C(N(C)C1)C2=CC(Br)=CC=C2N3C1=C(C(OCC)=O)N=C3,1375325-68-0,CC(C)OC1=C(C(=CC=C1)OC(C)C)C2=CC=CC=C2P(C3CCCCC3)C4CCCCC4.C1=CC=C([C-]=C1)C2=CC=CC=C2N.Cl[Pd+],[Li+].C[Si](C)(C)[N-][Si](C)(C)C,C1COCCO1,80,0,O=C(N(C)C1)C2=CC(N3CCCCC3)=CC=C2N4C1=C(C(OCC)=O)N=C4
BrC1=CC=C(OC2=C(C3=CC=C(S(C)(=O)=O)C=C3)C(C)(C)OC2=O)N=C1,1375325-68-0,CC(C)OC1=C(C(=CC=C1)OC(C)C)C2=CC=CC=C2P(C3CCCCC3)C4CCCCC4.C1=CC=C([C-]=C1)C2=CC=CC=C2N.Cl[Pd+],[Li+].C[Si](C)(C)[N-][Si](C)(C)C,C1COCCO1,80,8,CS(C(C=C1)=CC=C1C(C(C)(C)OC2=O)=C2OC3=CC=C(N4CCCCC4)C=N3)(=O)=O
O=C(O[C@H]1CN(C(OC(C)(C)C)=O)[C@H](C(OC)=O)C1)N(C2)CC3=C2C(F)=CC=C3Br,1375325-68-0,CC(C)OC1=C(C(=CC=C1)OC(C)C)C2=CC=CC=C2P(C3CCCCC3)C4CCCCC4.C1=CC=C([C-]=C1)C2=CC=CC=C2N.Cl[Pd+],[Li+].C[Si](C)(C)[N-][Si](C)(C)C,C1COCCO1,80,19,O=C(N1CC(C(F)=CC=C2N3CCCCC3)=C2C1)O[C@H]4CN([C@@H](C4)C(OC)=O)C(OC(C)(C)C)=O
O=C([C@H]1N(C(OCC2=CC=CC=C2)=O)CCC1)C3=CNC4=C3C=C(Br)C=C4,1375325-68-0,CC(C)OC1=C(C(=CC=C1)OC(C)C)C2=CC=CC=C2P(C3CCCCC3)C4CCCCC4.C1=CC=C([C-]=C1)C2=CC=CC=C2N.Cl[Pd+],[Li+].C[Si](C)(C)[N-][Si](C)(C)C,C1COCCO1,80,1,O=C([C@H]1N(C(OCC2=CC=CC=C2)=O)CCC1)C3=CNC4=C3C=C(N5CCCCC5)C=C4
O=C(OCC)N(CC/1)CCC1=C2C3=NC=C(Br)C=C3CCC4=C/2C=CC(Cl)=C4,1375325-68-0,CC(C)OC1=C(C(=CC=C1)OC(C)C)C2=CC=CC=C2P(C3CCCCC3)C4CCCCC4.C1=CC=C([C-]=C1)C2=CC=CC=C2N.Cl[Pd+],[Li+].C[Si](C)(C)[N-][Si](C)(C)C,C1COCCO1,80,63,O=C(OCC)N(CC/1)CCC1=C2C3=NC=C(N4CCCCC4)C=C3CCC5=C/2C=CC(Cl)=C5
ClC(C=C1)=CC=C1CN(C2=C3CC[C@@H]2CC(O)=O)C4=C3C=C(F)C=C4Br,1375325-68-0,CC(C)OC1=C(C(=CC=C1)OC(C)C)C2=CC=CC=C2P(C3CCCCC3)C4CCCCC4.C1=CC=C([C-]=C1)C2=CC=CC=C2N.Cl[Pd+],[Li+].C[Si](C)(C)[N-][Si](C)(C)C,C1COCCO1,80,0,ClC(C=C1)=CC=C1CN(C2=C3CC[C@@H]2CC(O)=O)C4=C3C=C(F)C=C4N5CCCCC5
O=C(O[C@H]1CN(C(OCC2=CC=CC=C2)=O)[C@H](C(OC)=O)C1)N(C3)CC4=C3C=CC=C4Br,1375325-68-0,CC(C)OC1=C(C(=CC=C1)OC(C)C)C2=CC=CC=C2P(C3CCCCC3)C4CCCCC4.C1=CC=C([C-]=C1)C2=CC=CC=C2N.Cl[Pd+],[Li+].C[Si](C)(C)[N-][Si](C)(C)C,C1COCCO1,80,6,O=C(O[C@H]1CN(C(OCC2=CC=CC=C2)=O)[C@H](C(OC)=O)C1)N(C3)CC4=C3C=CC=C4N5CCCCC5
FC1=CC(OC2CCN(C3=NOC(C4=NN(CC(O)=O)N=N4)=C3)CC2)=C(Br)C=C1,1375325-68-0,CC(C)OC1=C(C(=CC=C1)OC(C)C)C2=CC=CC=C2P(C3CCCCC3)C4CCCCC4.C1=CC=C([C-]=C1)C2=CC=CC=C2N.Cl[Pd+],[Li+].C[Si](C)(C)[N-][Si](C)(C)C,C1COCCO1,80,0,FC1=CC(OC2CCN(C3=NOC(C4=NN(CC(O)=O)N=N4)=C3)CC2)=C(N5CCCCC5)C=C1
OC1=C(C(NCC2=CC=C(F)C=C2)=O)N=C(Br)C3=C1N=CC=C3,1375325-68-0,CC(C)OC1=C(C(=CC=C1)OC(C)C)C2=CC=CC=C2P(C3CCCCC3)C4CCCCC4.C1=CC=C([C-]=C1)C2=CC=CC=C2N.Cl[Pd+],[Li+].C[Si](C)(C)[N-][Si](C)(C)C,C1COCCO1,80,0,OC1=C(C(NCC2=CC=C(F)C=C2)=O)N=C(N3CCCCC3)C4=C1N=CC=C4
CC1=CC(C#N)=CC(C)=C1OC2=NC(NC3=CC=C(C#N)C=C3)=NC(N)=C2Br,1375325-68-0,CC(C)OC1=C(C(=CC=C1)OC(C)C)C2=CC=CC=C2P(C3CCCCC3)C4CCCCC4.C1=CC=C([C-]=C1)C2=CC=CC=C2N.Cl[Pd+],[Li+].C[Si](C)(C)[N-][Si](C)(C)C,C1COCCO1,80,0,CC1=CC(C#N)=CC(C)=C1OC2=NC(NC3=CC=C(C#N)C=C3)=NC(N)=C2N4CCCCC4
BrC1=CC(CN2C(N[C@H]3CCC[C@H]3O)=NC4=C2C(N(CC)C(N4CCO)=O)=O)=CC=C1OC,1375325-68-0,CC(C)OC1=C(C(=CC=C1)OC(C)C)C2=CC=CC=C2P(C3CCCCC3)C4CCCCC4.C1=CC=C([C-]=C1)C2=CC=CC=C2N.Cl[Pd+],[Li+].C[Si](C)(C)[N-][Si](C)(C)C,C1COCCO1,80,55,O[C@@H]1CCC[C@@H]1NC(N2CC3=CC=C(OC)C(N4CCCCC4)=C3)=NC5=C2C(N(CC)C(N5CCO)=O)=O
BrC1=CSC([C@@](CC(N/2C)=O)(C)NC2=N\C(OC(C)(C)C)=O)=C1,1375325-68-0,CC(C)OC1=C(C(=CC=C1)OC(C)C)C2=CC=CC=C2P(C3CCCCC3)C4CCCCC4.C1=CC=C([C-]=C1)C2=CC=CC=C2N.Cl[Pd+],[Li+].C[Si](C)(C)[N-][Si](C)(C)C,C1COCCO1,80,0,C[C@](CC(N/1C)=O)(C2=CC(N3CCCCC3)=CS2)NC1=N\C(OC(C)(C)C)=O
IC1=C(F)C=C(N2C[C@H](CN3C=CN=N3)OC2=O)C=C1,1375325-68-0,CC(C)OC1=C(C(=CC=C1)OC(C)C)C2=CC=CC=C2P(C3CCCCC3)C4CCCCC4.C1=CC=C([C-]=C1)C2=CC=CC=C2N.Cl[Pd+],[Li+].C[Si](C)(C)[N-][Si](C)(C)C,C1COCCO1,80,0,FC1=C(N2CCCCC2)C=CC(N3C[C@H](CN4C=CN=N4)OC3=O)=C1
O=C1N(CC2=CC=C(C3=C(S(NC(C)(C)C)(=O)=O)C=CC=C3)C=C2)C(CCC)=NC4=C1C=C(I)C=C4,1375325-68-0,CC(C)OC1=C(C(=CC=C1)OC(C)C)C2=CC=CC=C2P(C3CCCCC3)C4CCCCC4.C1=CC=C([C-]=C1)C2=CC=CC=C2N.Cl[Pd+],[Li+].C[Si](C)(C)[N-][Si](C)(C)C,C1COCCO1,80,39,O=C1N(CC2=CC=C(C3=C(S(NC(C)(C)C)(=O)=O)C=CC=C3)C=C2)C(CCC)=NC4=C1C=C(N5CCCCC5)C=C4
ClC1=CC2=C([C@H](C(C)(NC(C)=O)C)CC23CCN(CC3)C(OC(C)(C)C)=O)C=C1C,1375325-68-0,CC(C)OC1=C(C(=CC=C1)OC(C)C)C2=CC=CC=C2P(C3CCCCC3)C4CCCCC4.C1=CC=C([C-]=C1)C2=CC=CC=C2N.Cl[Pd+],[Li+].C[Si](C)(C)[N-][Si](C)(C)C,C1COCCO1,80,96,CC1=CC([C@H](C(C)(NC(C)=O)C)CC23CCN(CC3)C(OC(C)(C)C)=O)=C2C=C1N4CCCCC4
ClC1=CC=C(NC(O[C@]2(C#CC3CC3)C(F)(F)F)=O)C2=C1,1375325-68-0,CC(C)OC1=C(C(=CC=C1)OC(C)C)C2=CC=CC=C2P(C3CCCCC3)C4CCCCC4.C1=CC=C([C-]=C1)C2=CC=CC=C2N.Cl[Pd+],[Li+].C[Si](C)(C)[N-][Si](C)(C)C,C1COCCO1,80,0,O=C1NC2=CC=C(N3CCCCC3)C=C2[C@@](C#CC4CC4)(C(F)(F)F)O1
ClC(C=C1)=CC=C1CN2C3=CC=C(OCC4=CC=C(C=CC=C5)C5=N4)C=C3C(SC(C)(C)C)=C2CC(C)(C(OC)=O)C,1375325-68-0,CC(C)OC1=C(C(=CC=C1)OC(C)C)C2=CC=CC=C2P(C3CCCCC3)C4CCCCC4.C1=CC=C([C-]=C1)C2=CC=CC=C2N.Cl[Pd+],[Li+].C[Si](C)(C)[N-][Si](C)(C)C,C1COCCO1,80,27,CC(C)(C)SC1=C(CC(C)(C(OC)=O)C)N(CC2=CC=C(N3CCCCC3)C=C2)C4=CC=C(OCC5=CC=C(C=CC=C6)C6=N5)C=C41
O=C1NC2=CC(Br)=CC3=C2N(C(CC(OC)=O)CC3)C1=O,1375325-68-0,CC(C)OC1=C(C(=CC=C1)OC(C)C)C2=CC=CC=C2P(C3CCCCC3)C4CCCCC4.C1=CC=C([C-]=C1)C2=CC=CC=C2N.Cl[Pd+],C(=O)([O-])[O-].[K+].[K+],CC(C)(C)O,80,0,O=C1NC2=CC(N3CCCCC3)=CC4=C2N(C(CC(OC)=O)CC4)C1=O
O=C(N(C)C1)C2=CC(Br)=CC=C2N3C1=C(C(OCC)=O)N=C3,1375325-68-0,CC(C)OC1=C(C(=CC=C1)OC(C)C)C2=CC=CC=C2P(C3CCCCC3)C4CCCCC4.C1=CC=C([C-]=C1)C2=CC=CC=C2N.Cl[Pd+],C(=O)([O-])[O-].[K+].[K+],CC(C)(C)O,80,18,O=C(N(C)C1)C2=CC(N3CCCCC3)=CC=C2N4C1=C(C(OCC)=O)N=C4
BrC1=CC=C(OC2=C(C3=CC=C(S(C)(=O)=O)C=C3)C(C)(C)OC2=O)N=C1,1375325-68-0,CC(C)OC1=C(C(=CC=C1)OC(C)C)C2=CC=CC=C2P(C3CCCCC3)C4CCCCC4.C1=CC=C([C-]=C1)C2=CC=CC=C2N.Cl[Pd+],C(=O)([O-])[O-].[K+].[K+],CC(C)(C)O,80,0,CS(C(C=C1)=CC=C1C(C(C)(C)OC2=O)=C2OC3=CC=C(N4CCCCC4)C=N3)(=O)=O
O=C(O[C@H]1CN(C(OC(C)(C)C)=O)[C@H](C(OC)=O)C1)N(C2)CC3=C2C(F)=CC=C3Br,1375325-68-0,CC(C)OC1=C(C(=CC=C1)OC(C)C)C2=CC=CC=C2P(C3CCCCC3)C4CCCCC4.C1=CC=C([C-]=C1)C2=CC=CC=C2N.Cl[Pd+],C(=O)([O-])[O-].[K+].[K+],CC(C)(C)O,80,24,O=C(N1CC(C(F)=CC=C2N3CCCCC3)=C2C1)O[C@H]4CN([C@@H](C4)C(OC)=O)C(OC(C)(C)C)=O
O=C([C@H]1N(C(OCC2=CC=CC=C2)=O)CCC1)C3=CNC4=C3C=C(Br)C=C4,1375325-68-0,CC(C)OC1=C(C(=CC=C1)OC(C)C)C2=CC=CC=C2P(C3CCCCC3)C4CCCCC4.C1=CC=C([C-]=C1)C2=CC=CC=C2N.Cl[Pd+],C(=O)([O-])[O-].[K+].[K+],CC(C)(C)O,80,0,O=C([C@H]1N(C(OCC2=CC=CC=C2)=O)CCC1)C3=CNC4=C3C=C(N5CCCCC5)C=C4
O=C(OCC)N(CC/1)CCC1=C2C3=NC=C(Br)C=C3CCC4=C/2C=CC(Cl)=C4,1375325-68-0,CC(C)OC1=C(C(=CC=C1)OC(C)C)C2=CC=CC=C2P(C3CCCCC3)C4CCCCC4.C1=CC=C([C-]=C1)C2=CC=CC=C2N.Cl[Pd+],C(=O)([O-])[O-].[K+].[K+],CC(C)(C)O,80,63,O=C(OCC)N(CC/1)CCC1=C2C3=NC=C(N4CCCCC4)C=C3CCC5=C/2C=CC(Cl)=C5
ClC(C=C1)=CC=C1CN(C2=C3CC[C@@H]2CC(O)=O)C4=C3C=C(F)C=C4Br,1375325-68-0,CC(C)OC1=C(C(=CC=C1)OC(C)C)C2=CC=CC=C2P(C3CCCCC3)C4CCCCC4.C1=CC=C([C-]=C1)C2=CC=CC=C2N.Cl[Pd+],C(=O)([O-])[O-].[K+].[K+],CC(C)(C)O,80,0,ClC(C=C1)=CC=C1CN(C2=C3CC[C@@H]2CC(O)=O)C4=C3C=C(F)C=C4N5CCCCC5
O=C(O[C@H]1CN(C(OCC2=CC=CC=C2)=O)[C@H](C(OC)=O)C1)N(C3)CC4=C3C=CC=C4Br,1375325-68-0,CC(C)OC1=C(C(=CC=C1)OC(C)C)C2=CC=CC=C2P(C3CCCCC3)C4CCCCC4.C1=CC=C([C-]=C1)C2=CC=CC=C2N.Cl[Pd+],C(=O)([O-])[O-].[K+].[K+],CC(C)(C)O,80,10,O=C(O[C@H]1CN(C(OCC2=CC=CC=C2)=O)[C@H](C(OC)=O)C1)N(C3)CC4=C3C=CC=C4N5CCCCC5
FC1=CC(OC2CCN(C3=NOC(C4=NN(CC(O)=O)N=N4)=C3)CC2)=C(Br)C=C1,1375325-68-0,CC(C)OC1=C(C(=CC=C1)OC(C)C)C2=CC=CC=C2P(C3CCCCC3)C4CCCCC4.C1=CC=C([C-]=C1)C2=CC=CC=C2N.Cl[Pd+],C(=O)([O-])[O-].[K+].[K+],CC(C)(C)O,80,0,FC1=CC(OC2CCN(C3=NOC(C4=NN(CC(O)=O)N=N4)=C3)CC2)=C(N5CCCCC5)C=C1
OC1=C(C(NCC2=CC=C(F)C=C2)=O)N=C(Br)C3=C1N=CC=C3,1375325-68-0,CC(C)OC1=C(C(=CC=C1)OC(C)C)C2=CC=CC=C2P(C3CCCCC3)C4CCCCC4.C1=CC=C([C-]=C1)C2=CC=CC=C2N.Cl[Pd+],C(=O)([O-])[O-].[K+].[K+],CC(C)(C)O,80,0,OC1=C(C(NCC2=CC=C(F)C=C2)=O)N=C(N3CCCCC3)C4=C1N=CC=C4
CC1=CC(C#N)=CC(C)=C1OC2=NC(NC3=CC=C(C#N)C=C3)=NC(N)=C2Br,1375325-68-0,CC(C)OC1=C(C(=CC=C1)OC(C)C)C2=CC=CC=C2P(C3CCCCC3)C4CCCCC4.C1=CC=C([C-]=C1)C2=CC=CC=C2N.Cl[Pd+],C(=O)([O-])[O-].[K+].[K+],CC(C)(C)O,80,0,CC1=CC(C#N)=CC(C)=C1OC2=NC(NC3=CC=C(C#N)C=C3)=NC(N)=C2N4CCCCC4
BrC1=CC(CN2C(N[C@H]3CCC[C@H]3O)=NC4=C2C(N(CC)C(N4CCO)=O)=O)=CC=C1OC,1375325-68-0,CC(C)OC1=C(C(=CC=C1)OC(C)C)C2=CC=CC=C2P(C3CCCCC3)C4CCCCC4.C1=CC=C([C-]=C1)C2=CC=CC=C2N.Cl[Pd+],C(=O)([O-])[O-].[K+].[K+],CC(C)(C)O,80,4,O[C@@H]1CCC[C@@H]1NC(N2CC3=CC=C(OC)C(N4CCCCC4)=C3)=NC5=C2C(N(CC)C(N5CCO)=O)=O
BrC1=CSC([C@@](CC(N/2C)=O)(C)NC2=N\C(OC(C)(C)C)=O)=C1,1375325-68-0,CC(C)OC1=C(C(=CC=C1)OC(C)C)C2=CC=CC=C2P(C3CCCCC3)C4CCCCC4.C1=CC=C([C-]=C1)C2=CC=CC=C2N.Cl[Pd+],C(=O)([O-])[O-].[K+].[K+],CC(C)(C)O,80,0,C[C@](CC(N/1C)=O)(C2=CC(N3CCCCC3)=CS2)NC1=N\C(OC(C)(C)C)=O
IC1=C(F)C=C(N2C[C@H](CN3C=CN=N3)OC2=O)C=C1,1375325-68-0,CC(C)OC1=C(C(=CC=C1)OC(C)C)C2=CC=CC=C2P(C3CCCCC3)C4CCCCC4.C1=CC=C([C-]=C1)C2=CC=CC=C2N.Cl[Pd+],C(=O)([O-])[O-].[K+].[K+],CC(C)(C)O,80,0,FC1=C(N2CCCCC2)C=CC(N3C[C@H](CN4C=CN=N4)OC3=O)=C1
O=C1N(CC2=CC=C(C3=C(S(NC(C)(C)C)(=O)=O)C=CC=C3)C=C2)C(CCC)=NC4=C1C=C(I)C=C4,1375325-68-0,CC(C)OC1=C(C(=CC=C1)OC(C)C)C2=CC=CC=C2P(C3CCCCC3)C4CCCCC4.C1=CC=C([C-]=C1)C2=CC=CC=C2N.Cl[Pd+],C(=O)([O-])[O-].[K+].[K+],CC(C)(C)O,80,32,O=C1N(CC2=CC=C(C3=C(S(NC(C)(C)C)(=O)=O)C=CC=C3)C=C2)C(CCC)=NC4=C1C=C(N5CCCCC5)C=C4
ClC1=CC2=C([C@H](C(C)(NC(C)=O)C)CC23CCN(CC3)C(OC(C)(C)C)=O)C=C1C,1375325-68-0,CC(C)OC1=C(C(=CC=C1)OC(C)C)C2=CC=CC=C2P(C3CCCCC3)C4CCCCC4.C1=CC=C([C-]=C1)C2=CC=CC=C2N.Cl[Pd+],C(=O)([O-])[O-].[K+].[K+],CC(C)(C)O,80,16,CC1=CC([C@H](C(C)(NC(C)=O)C)CC23CCN(CC3)C(OC(C)(C)C)=O)=C2C=C1N4CCCCC4
ClC1=CC=C(NC(O[C@]2(C#CC3CC3)C(F)(F)F)=O)C2=C1,1375325-68-0,CC(C)OC1=C(C(=CC=C1)OC(C)C)C2=CC=CC=C2P(C3CCCCC3)C4CCCCC4.C1=CC=C([C-]=C1)C2=CC=CC=C2N.Cl[Pd+],C(=O)([O-])[O-].[K+].[K+],CC(C)(C)O,80,0,O=C1NC2=CC=C(N3CCCCC3)C=C2[C@@](C#CC4CC4)(C(F)(F)F)O1
ClC(C=C1)=CC=C1CN2C3=CC=C(OCC4=CC=C(C=CC=C5)C5=N4)C=C3C(SC(C)(C)C)=C2CC(C)(C(OC)=O)C,1375325-68-0,CC(C)OC1=C(C(=CC=C1)OC(C)C)C2=CC=CC=C2P(C3CCCCC3)C4CCCCC4.C1=CC=C([C-]=C1)C2=CC=CC=C2N.Cl[Pd+],C(=O)([O-])[O-].[K+].[K+],CC(C)(C)O,80,0,CC(C)(C)SC1=C(CC(C)(C(OC)=O)C)N(CC2=CC=C(N3CCCCC3)C=C2)C4=CC=C(OCC5=CC=C(C=CC=C6)C6=N5)C=C41
O=C1NC2=CC(Br)=CC3=C2N(C(CC(OC)=O)CC3)C1=O,1375325-68-0,CC(C)OC1=C(C(=CC=C1)OC(C)C)C2=CC=CC=C2P(C3CCCCC3)C4CCCCC4.C1=CC=C([C-]=C1)C2=CC=CC=C2N.Cl[Pd+],C(=O)([O-])[O-].[Cs+].[Cs+],C1COCCO1,80,0,O=C1NC2=CC(N3CCCCC3)=CC4=C2N(C(CC(OC)=O)CC4)C1=O
O=C(N(C)C1)C2=CC(Br)=CC=C2N3C1=C(C(OCC)=O)N=C3,1375325-68-0,CC(C)OC1=C(C(=CC=C1)OC(C)C)C2=CC=CC=C2P(C3CCCCC3)C4CCCCC4.C1=CC=C([C-]=C1)C2=CC=CC=C2N.Cl[Pd+],C(=O)([O-])[O-].[Cs+].[Cs+],C1COCCO1,80,74,O=C(N(C)C1)C2=CC(N3CCCCC3)=CC=C2N4C1=C(C(OCC)=O)N=C4
BrC1=CC=C(OC2=C(C3=CC=C(S(C)(=O)=O)C=C3)C(C)(C)OC2=O)N=C1,1375325-68-0,CC(C)OC1=C(C(=CC=C1)OC(C)C)C2=CC=CC=C2P(C3CCCCC3)C4CCCCC4.C1=CC=C([C-]=C1)C2=CC=CC=C2N.Cl[Pd+],C(=O)([O-])[O-].[Cs+].[Cs+],C1COCCO1,80,8,CS(C(C=C1)=CC=C1C(C(C)(C)OC2=O)=C2OC3=CC=C(N4CCCCC4)C=N3)(=O)=O
O=C(O[C@H]1CN(C(OC(C)(C)C)=O)[C@H](C(OC)=O)C1)N(C2)CC3=C2C(F)=CC=C3Br,1375325-68-0,CC(C)OC1=C(C(=CC=C1)OC(C)C)C2=CC=CC=C2P(C3CCCCC3)C4CCCCC4.C1=CC=C([C-]=C1)C2=CC=CC=C2N.Cl[Pd+],C(=O)([O-])[O-].[Cs+].[Cs+],C1COCCO1,80,29,O=C(N1CC(C(F)=CC=C2N3CCCCC3)=C2C1)O[C@H]4CN([C@@H](C4)C(OC)=O)C(OC(C)(C)C)=O
O=C([C@H]1N(C(OCC2=CC=CC=C2)=O)CCC1)C3=CNC4=C3C=C(Br)C=C4,1375325-68-0,CC(C)OC1=C(C(=CC=C1)OC(C)C)C2=CC=CC=C2P(C3CCCCC3)C4CCCCC4.C1=CC=C([C-]=C1)C2=CC=CC=C2N.Cl[Pd+],C(=O)([O-])[O-].[Cs+].[Cs+],C1COCCO1,80,0,O=C([C@H]1N(C(OCC2=CC=CC=C2)=O)CCC1)C3=CNC4=C3C=C(N5CCCCC5)C=C4
O=C(OCC)N(CC/1)CCC1=C2C3=NC=C(Br)C=C3CCC4=C/2C=CC(Cl)=C4,1375325-68-0,CC(C)OC1=C(C(=CC=C1)OC(C)C)C2=CC=CC=C2P(C3CCCCC3)C4CCCCC4.C1=CC=C([C-]=C1)C2=CC=CC=C2N.Cl[Pd+],C(=O)([O-])[O-].[Cs+].[Cs+],C1COCCO1,80,57,O=C(OCC)N(CC/1)CCC1=C2C3=NC=C(N4CCCCC4)C=C3CCC5=C/2C=CC(Cl)=C5
ClC(C=C1)=CC=C1CN(C2=C3CC[C@@H]2CC(O)=O)C4=C3C=C(F)C=C4Br,1375325-68-0,CC(C)OC1=C(C(=CC=C1)OC(C)C)C2=CC=CC=C2P(C3CCCCC3)C4CCCCC4.C1=CC=C([C-]=C1)C2=CC=CC=C2N.Cl[Pd+],C(=O)([O-])[O-].[Cs+].[Cs+],C1COCCO1,80,0,ClC(C=C1)=CC=C1CN(C2=C3CC[C@@H]2CC(O)=O)C4=C3C=C(F)C=C4N5CCCCC5
O=C(O[C@H]1CN(C(OCC2=CC=CC=C2)=O)[C@H](C(OC)=O)C1)N(C3)CC4=C3C=CC=C4Br,1375325-68-0,CC(C)OC1=C(C(=CC=C1)OC(C)C)C2=CC=CC=C2P(C3CCCCC3)C4CCCCC4.C1=CC=C([C-]=C1)C2=CC=CC=C2N.Cl[Pd+],C(=O)([O-])[O-].[Cs+].[Cs+],C1COCCO1,80,5,O=C(O[C@H]1CN(C(OCC2=CC=CC=C2)=O)[C@H](C(OC)=O)C1)N(C3)CC4=C3C=CC=C4N5CCCCC5
FC1=CC(OC2CCN(C3=NOC(C4=NN(CC(O)=O)N=N4)=C3)CC2)=C(Br)C=C1,1375325-68-0,CC(C)OC1=C(C(=CC=C1)OC(C)C)C2=CC=CC=C2P(C3CCCCC3)C4CCCCC4.C1=CC=C([C-]=C1)C2=CC=CC=C2N.Cl[Pd+],C(=O)([O-])[O-].[Cs+].[Cs+],C1COCCO1,80,0,FC1=CC(OC2CCN(C3=NOC(C4=NN(CC(O)=O)N=N4)=C3)CC2)=C(N5CCCCC5)C=C1
OC1=C(C(NCC2=CC=C(F)C=C2)=O)N=C(Br)C3=C1N=CC=C3,1375325-68-0,CC(C)OC1=C(C(=CC=C1)OC(C)C)C2=CC=CC=C2P(C3CCCCC3)C4CCCCC4.C1=CC=C([C-]=C1)C2=CC=CC=C2N.Cl[Pd+],C(=O)([O-])[O-].[Cs+].[Cs+],C1COCCO1,80,0,OC1=C(C(NCC2=CC=C(F)C=C2)=O)N=C(N3CCCCC3)C4=C1N=CC=C4
CC1=CC(C#N)=CC(C)=C1OC2=NC(NC3=CC=C(C#N)C=C3)=NC(N)=C2Br,1375325-68-0,CC(C)OC1=C(C(=CC=C1)OC(C)C)C2=CC=CC=C2P(C3CCCCC3)C4CCCCC4.C1=CC=C([C-]=C1)C2=CC=CC=C2N.Cl[Pd+],C(=O)([O-])[O-].[Cs+].[Cs+],C1COCCO1,80,0,CC1=CC(C#N)=CC(C)=C1OC2=NC(NC3=CC=C(C#N)C=C3)=NC(N)=C2N4CCCCC4
BrC1=CC(CN2C(N[C@H]3CCC[C@H]3O)=NC4=C2C(N(CC)C(N4CCO)=O)=O)=CC=C1OC,1375325-68-0,CC(C)OC1=C(C(=CC=C1)OC(C)C)C2=CC=CC=C2P(C3CCCCC3)C4CCCCC4.C1=CC=C([C-]=C1)C2=CC=CC=C2N.Cl[Pd+],C(=O)([O-])[O-].[Cs+].[Cs+],C1COCCO1,80,4,O[C@@H]1CCC[C@@H]1NC(N2CC3=CC=C(OC)C(N4CCCCC4)=C3)=NC5=C2C(N(CC)C(N5CCO)=O)=O
BrC1=CSC([C@@](CC(N/2C)=O)(C)NC2=N\C(OC(C)(C)C)=O)=C1,1375325-68-0,CC(C)OC1=C(C(=CC=C1)OC(C)C)C2=CC=CC=C2P(C3CCCCC3)C4CCCCC4.C1=CC=C([C-]=C1)C2=CC=CC=C2N.Cl[Pd+],C(=O)([O-])[O-].[Cs+].[Cs+],C1COCCO1,80,0,C[C@](CC(N/1C)=O)(C2=CC(N3CCCCC3)=CS2)NC1=N\C(OC(C)(C)C)=O
IC1=C(F)C=C(N2C[C@H](CN3C=CN=N3)OC2=O)C=C1,1375325-68-0,CC(C)OC1=C(C(=CC=C1)OC(C)C)C2=CC=CC=C2P(C3CCCCC3)C4CCCCC4.C1=CC=C([C-]=C1)C2=CC=CC=C2N.Cl[Pd+],C(=O)([O-])[O-].[Cs+].[Cs+],C1COCCO1,80,0,FC1=C(N2CCCCC2)C=CC(N3C[C@H](CN4C=CN=N4)OC3=O)=C1
O=C1N(CC2=CC=C(C3=C(S(NC(C)(C)C)(=O)=O)C=CC=C3)C=C2)C(CCC)=NC4=C1C=C(I)C=C4,1375325-68-0,CC(C)OC1=C(C(=CC=C1)OC(C)C)C2=CC=CC=C2P(C3CCCCC3)C4CCCCC4.C1=CC=C([C-]=C1)C2=CC=CC=C2N.Cl[Pd+],C(=O)([O-])[O-].[Cs+].[Cs+],C1COCCO1,80,65,O=C1N(CC2=CC=C(C3=C(S(NC(C)(C)C)(=O)=O)C=CC=C3)C=C2)C(CCC)=NC4=C1C=C(N5CCCCC5)C=C4
ClC1=CC2=C([C@H](C(C)(NC(C)=O)C)CC23CCN(CC3)C(OC(C)(C)C)=O)C=C1C,1375325-68-0,CC(C)OC1=C(C(=CC=C1)OC(C)C)C2=CC=CC=C2P(C3CCCCC3)C4CCCCC4.C1=CC=C([C-]=C1)C2=CC=CC=C2N.Cl[Pd+],C(=O)([O-])[O-].[Cs+].[Cs+],C1COCCO1,80,29,CC1=CC([C@H](C(C)(NC(C)=O)C)CC23CCN(CC3)C(OC(C)(C)C)=O)=C2C=C1N4CCCCC4
ClC1=CC=C(NC(O[C@]2(C#CC3CC3)C(F)(F)F)=O)C2=C1,1375325-68-0,CC(C)OC1=C(C(=CC=C1)OC(C)C)C2=CC=CC=C2P(C3CCCCC3)C4CCCCC4.C1=CC=C([C-]=C1)C2=CC=CC=C2N.Cl[Pd+],C(=O)([O-])[O-].[Cs+].[Cs+],C1COCCO1,80,0,O=C1NC2=CC=C(N3CCCCC3)C=C2[C@@](C#CC4CC4)(C(F)(F)F)O1
ClC(C=C1)=CC=C1CN2C3=CC=C(OCC4=CC=C(C=CC=C5)C5=N4)C=C3C(SC(C)(C)C)=C2CC(C)(C(OC)=O)C,1375325-68-0,CC(C)OC1=C(C(=CC=C1)OC(C)C)C2=CC=CC=C2P(C3CCCCC3)C4CCCCC4.C1=CC=C([C-]=C1)C2=CC=CC=C2N.Cl[Pd+],C(=O)([O-])[O-].[Cs+].[Cs+],C1COCCO1,80,71,CC(C)(C)SC1=C(CC(C)(C(OC)=O)C)N(CC2=CC=C(N3CCCCC3)C=C2)C4=CC=C(OCC5=CC=C(C=CC=C6)C6=N5)C=C41
O=C1NC2=CC(Br)=CC3=C2N(C(CC(OC)=O)CC3)C1=O,1447963-75-8,CC(C)C1=CC(=C(C(=C1)C(C)C)C2=CC=CC=C2P(C(C)(C)C)C(C)(C)C)C(C)C.CS(=O)(=O)O.C1=CC=C([C-]=C1)C2=CC=CC=C2N.[Pd],CCN=P(N=P(N(C)C)(N(C)C)N(C)C)(N(C)C)N(C)C,CS(=O)C,25,0,O=C1NC2=CC(N3CCCCC3)=CC4=C2N(C(CC(OC)=O)CC4)C1=O
O=C(N(C)C1)C2=CC(Br)=CC=C2N3C1=C(C(OCC)=O)N=C3,1447963-75-8,CC(C)C1=CC(=C(C(=C1)C(C)C)C2=CC=CC=C2P(C(C)(C)C)C(C)(C)C)C(C)C.CS(=O)(=O)O.C1=CC=C([C-]=C1)C2=CC=CC=C2N.[Pd],CCN=P(N=P(N(C)C)(N(C)C)N(C)C)(N(C)C)N(C)C,CS(=O)C,25,33,O=C(N(C)C1)C2=CC(N3CCCCC3)=CC=C2N4C1=C(C(OCC)=O)N=C4
BrC1=CC=C(OC2=C(C3=CC=C(S(C)(=O)=O)C=C3)C(C)(C)OC2=O)N=C1,1447963-75-8,CC(C)C1=CC(=C(C(=C1)C(C)C)C2=CC=CC=C2P(C(C)(C)C)C(C)(C)C)C(C)C.CS(=O)(=O)O.C1=CC=C([C-]=C1)C2=CC=CC=C2N.[Pd],CCN=P(N=P(N(C)C)(N(C)C)N(C)C)(N(C)C)N(C)C,CS(=O)C,25,0,CS(C(C=C1)=CC=C1C(C(C)(C)OC2=O)=C2OC3=CC=C(N4CCCCC4)C=N3)(=O)=O
O=C(O[C@H]1CN(C(OC(C)(C)C)=O)[C@H](C(OC)=O)C1)N(C2)CC3=C2C(F)=CC=C3Br,1447963-75-8,CC(C)C1=CC(=C(C(=C1)C(C)C)C2=CC=CC=C2P(C(C)(C)C)C(C)(C)C)C(C)C.CS(=O)(=O)O.C1=CC=C([C-]=C1)C2=CC=CC=C2N.[Pd],CCN=P(N=P(N(C)C)(N(C)C)N(C)C)(N(C)C)N(C)C,CS(=O)C,25,18,O=C(N1CC(C(F)=CC=C2N3CCCCC3)=C2C1)O[C@H]4CN([C@@H](C4)C(OC)=O)C(OC(C)(C)C)=O
O=C([C@H]1N(C(OCC2=CC=CC=C2)=O)CCC1)C3=CNC4=C3C=C(Br)C=C4,1447963-75-8,CC(C)C1=CC(=C(C(=C1)C(C)C)C2=CC=CC=C2P(C(C)(C)C)C(C)(C)C)C(C)C.CS(=O)(=O)O.C1=CC=C([C-]=C1)C2=CC=CC=C2N.[Pd],CCN=P(N=P(N(C)C)(N(C)C)N(C)C)(N(C)C)N(C)C,CS(=O)C,25,7,O=C([C@H]1N(C(OCC2=CC=CC=C2)=O)CCC1)C3=CNC4=C3C=C(N5CCCCC5)C=C4
O=C(OCC)N(CC/1)CCC1=C2C3=NC=C(Br)C=C3CCC4=C/2C=CC(Cl)=C4,1447963-75-8,CC(C)C1=CC(=C(C(=C1)C(C)C)C2=CC=CC=C2P(C(C)(C)C)C(C)(C)C)C(C)C.CS(=O)(=O)O.C1=CC=C([C-]=C1)C2=CC=CC=C2N.[Pd],CCN=P(N=P(N(C)C)(N(C)C)N(C)C)(N(C)C)N(C)C,CS(=O)C,25,25,O=C(OCC)N(CC/1)CCC1=C2C3=NC=C(N4CCCCC4)C=C3CCC5=C/2C=CC(Cl)=C5
ClC(C=C1)=CC=C1CN(C2=C3CC[C@@H]2CC(O)=O)C4=C3C=C(F)C=C4Br,1447963-75-8,CC(C)C1=CC(=C(C(=C1)C(C)C)C2=CC=CC=C2P(C(C)(C)C)C(C)(C)C)C(C)C.CS(=O)(=O)O.C1=CC=C([C-]=C1)C2=CC=CC=C2N.[Pd],CCN=P(N=P(N(C)C)(N(C)C)N(C)C)(N(C)C)N(C)C,CS(=O)C,25,0,ClC(C=C1)=CC=C1CN(C2=C3CC[C@@H]2CC(O)=O)C4=C3C=C(F)C=C4N5CCCCC5
O=C(O[C@H]1CN(C(OCC2=CC=CC=C2)=O)[C@H](C(OC)=O)C1)N(C3)CC4=C3C=CC=C4Br,1447963-75-8,CC(C)C1=CC(=C(C(=C1)C(C)C)C2=CC=CC=C2P(C(C)(C)C)C(C)(C)C)C(C)C.CS(=O)(=O)O.C1=CC=C([C-]=C1)C2=CC=CC=C2N.[Pd],CCN=P(N=P(N(C)C)(N(C)C)N(C)C)(N(C)C)N(C)C,CS(=O)C,25,0,O=C(O[C@H]1CN(C(OCC2=CC=CC=C2)=O)[C@H](C(OC)=O)C1)N(C3)CC4=C3C=CC=C4N5CCCCC5
FC1=CC(OC2CCN(C3=NOC(C4=NN(CC(O)=O)N=N4)=C3)CC2)=C(Br)C=C1,1447963-75-8,CC(C)C1=CC(=C(C(=C1)C(C)C)C2=CC=CC=C2P(C(C)(C)C)C(C)(C)C)C(C)C.CS(=O)(=O)O.C1=CC=C([C-]=C1)C2=CC=CC=C2N.[Pd],CCN=P(N=P(N(C)C)(N(C)C)N(C)C)(N(C)C)N(C)C,CS(=O)C,25,0,FC1=CC(OC2CCN(C3=NOC(C4=NN(CC(O)=O)N=N4)=C3)CC2)=C(N5CCCCC5)C=C1
OC1=C(C(NCC2=CC=C(F)C=C2)=O)N=C(Br)C3=C1N=CC=C3,1447963-75-8,CC(C)C1=CC(=C(C(=C1)C(C)C)C2=CC=CC=C2P(C(C)(C)C)C(C)(C)C)C(C)C.CS(=O)(=O)O.C1=CC=C([C-]=C1)C2=CC=CC=C2N.[Pd],CCN=P(N=P(N(C)C)(N(C)C)N(C)C)(N(C)C)N(C)C,CS(=O)C,25,2,OC1=C(C(NCC2=CC=C(F)C=C2)=O)N=C(N3CCCCC3)C4=C1N=CC=C4
CC1=CC(C#N)=CC(C)=C1OC2=NC(NC3=CC=C(C#N)C=C3)=NC(N)=C2Br,1447963-75-8,CC(C)C1=CC(=C(C(=C1)C(C)C)C2=CC=CC=C2P(C(C)(C)C)C(C)(C)C)C(C)C.CS(=O)(=O)O.C1=CC=C([C-]=C1)C2=CC=CC=C2N.[Pd],CCN=P(N=P(N(C)C)(N(C)C)N(C)C)(N(C)C)N(C)C,CS(=O)C,25,0,CC1=CC(C#N)=CC(C)=C1OC2=NC(NC3=CC=C(C#N)C=C3)=NC(N)=C2N4CCCCC4
BrC1=CC(CN2C(N[C@H]3CCC[C@H]3O)=NC4=C2C(N(CC)C(N4CCO)=O)=O)=CC=C1OC,1447963-75-8,CC(C)C1=CC(=C(C(=C1)C(C)C)C2=CC=CC=C2P(C(C)(C)C)C(C)(C)C)C(C)C.CS(=O)(=O)O.C1=CC=C([C-]=C1)C2=CC=CC=C2N.[Pd],CCN=P(N=P(N(C)C)(N(C)C)N(C)C)(N(C)C)N(C)C,CS(=O)C,25,16,O[C@@H]1CCC[C@@H]1NC(N2CC3=CC=C(OC)C(N4CCCCC4)=C3)=NC5=C2C(N(CC)C(N5CCO)=O)=O
BrC1=CSC([C@@](CC(N/2C)=O)(C)NC2=N\C(OC(C)(C)C)=O)=C1,1447963-75-8,CC(C)C1=CC(=C(C(=C1)C(C)C)C2=CC=CC=C2P(C(C)(C)C)C(C)(C)C)C(C)C.CS(=O)(=O)O.C1=CC=C([C-]=C1)C2=CC=CC=C2N.[Pd],CCN=P(N=P(N(C)C)(N(C)C)N(C)C)(N(C)C)N(C)C,CS(=O)C,25,3,C[C@](CC(N/1C)=O)(C2=CC(N3CCCCC3)=CS2)NC1=N\C(OC(C)(C)C)=O
IC1=C(F)C=C(N2C[C@H](CN3C=CN=N3)OC2=O)C=C1,1447963-75-8,CC(C)C1=CC(=C(C(=C1)C(C)C)C2=CC=CC=C2P(C(C)(C)C)C(C)(C)C)C(C)C.CS(=O)(=O)O.C1=CC=C([C-]=C1)C2=CC=CC=C2N.[Pd],CCN=P(N=P(N(C)C)(N(C)C)N(C)C)(N(C)C)N(C)C,CS(=O)C,25,0,FC1=C(N2CCCCC2)C=CC(N3C[C@H](CN4C=CN=N4)OC3=O)=C1
O=C1N(CC2=CC=C(C3=C(S(NC(C)(C)C)(=O)=O)C=CC=C3)C=C2)C(CCC)=NC4=C1C=C(I)C=C4,1447963-75-8,CC(C)C1=CC(=C(C(=C1)C(C)C)C2=CC=CC=C2P(C(C)(C)C)C(C)(C)C)C(C)C.CS(=O)(=O)O.C1=CC=C([C-]=C1)C2=CC=CC=C2N.[Pd],CCN=P(N=P(N(C)C)(N(C)C)N(C)C)(N(C)C)N(C)C,CS(=O)C,25,31,O=C1N(CC2=CC=C(C3=C(S(NC(C)(C)C)(=O)=O)C=CC=C3)C=C2)C(CCC)=NC4=C1C=C(N5CCCCC5)C=C4
ClC1=CC2=C([C@H](C(C)(NC(C)=O)C)CC23CCN(CC3)C(OC(C)(C)C)=O)C=C1C,1447963-75-8,CC(C)C1=CC(=C(C(=C1)C(C)C)C2=CC=CC=C2P(C(C)(C)C)C(C)(C)C)C(C)C.CS(=O)(=O)O.C1=CC=C([C-]=C1)C2=CC=CC=C2N.[Pd],CCN=P(N=P(N(C)C)(N(C)C)N(C)C)(N(C)C)N(C)C,CS(=O)C,25,5,CC1=CC([C@H](C(C)(NC(C)=O)C)CC23CCN(CC3)C(OC(C)(C)C)=O)=C2C=C1N4CCCCC4
ClC1=CC=C(NC(O[C@]2(C#CC3CC3)C(F)(F)F)=O)C2=C1,1447963-75-8,CC(C)C1=CC(=C(C(=C1)C(C)C)C2=CC=CC=C2P(C(C)(C)C)C(C)(C)C)C(C)C.CS(=O)(=O)O.C1=CC=C([C-]=C1)C2=CC=CC=C2N.[Pd],CCN=P(N=P(N(C)C)(N(C)C)N(C)C)(N(C)C)N(C)C,CS(=O)C,25,0,O=C1NC2=CC=C(N3CCCCC3)C=C2[C@@](C#CC4CC4)(C(F)(F)F)O1
ClC(C=C1)=CC=C1CN2C3=CC=C(OCC4=CC=C(C=CC=C5)C5=N4)C=C3C(SC(C)(C)C)=C2CC(C)(C(OC)=O)C,1447963-75-8,CC(C)C1=CC(=C(C(=C1)C(C)C)C2=CC=CC=C2P(C(C)(C)C)C(C)(C)C)C(C)C.CS(=O)(=O)O.C1=CC=C([C-]=C1)C2=CC=CC=C2N.[Pd],CCN=P(N=P(N(C)C)(N(C)C)N(C)C)(N(C)C)N(C)C,CS(=O)C,25,6,CC(C)(C)SC1=C(CC(C)(C(OC)=O)C)N(CC2=CC=C(N3CCCCC3)C=C2)C4=CC=C(OCC5=CC=C(C=CC=C6)C6=N5)C=C41
O=C1NC2=CC(Br)=CC3=C2N(C(CC(OC)=O)CC3)C1=O,1447963-75-8,CC(C)C1=CC(=C(C(=C1)C(C)C)C2=CC=CC=C2P(C(C)(C)C)C(C)(C)C)C(C)C.CS(=O)(=O)O.C1=CC=C([C-]=C1)C2=CC=CC=C2N.[Pd],CCN=P(N=P(N(C)C)(N(C)C)N(C)C)(N(C)C)N(C)C,CS(=O)C,60,16,O=C1NC2=CC(N3CCCCC3)=CC4=C2N(C(CC(OC)=O)CC4)C1=O
O=C(N(C)C1)C2=CC(Br)=CC=C2N3C1=C(C(OCC)=O)N=C3,1447963-75-8,CC(C)C1=CC(=C(C(=C1)C(C)C)C2=CC=CC=C2P(C(C)(C)C)C(C)(C)C)C(C)C.CS(=O)(=O)O.C1=CC=C([C-]=C1)C2=CC=CC=C2N.[Pd],CCN=P(N=P(N(C)C)(N(C)C)N(C)C)(N(C)C)N(C)C,CS(=O)C,60,46,O=C(N(C)C1)C2=CC(N3CCCCC3)=CC=C2N4C1=C(C(OCC)=O)N=C4
BrC1=CC=C(OC2=C(C3=CC=C(S(C)(=O)=O)C=C3)C(C)(C)OC2=O)N=C1,1447963-75-8,CC(C)C1=CC(=C(C(=C1)C(C)C)C2=CC=CC=C2P(C(C)(C)C)C(C)(C)C)C(C)C.CS(=O)(=O)O.C1=CC=C([C-]=C1)C2=CC=CC=C2N.[Pd],CCN=P(N=P(N(C)C)(N(C)C)N(C)C)(N(C)C)N(C)C,CS(=O)C,60,0,CS(C(C=C1)=CC=C1C(C(C)(C)OC2=O)=C2OC3=CC=C(N4CCCCC4)C=N3)(=O)=O
O=C(O[C@H]1CN(C(OC(C)(C)C)=O)[C@H](C(OC)=O)C1)N(C2)CC3=C2C(F)=CC=C3Br,1447963-75-8,CC(C)C1=CC(=C(C(=C1)C(C)C)C2=CC=CC=C2P(C(C)(C)C)C(C)(C)C)C(C)C.CS(=O)(=O)O.C1=CC=C([C-]=C1)C2=CC=CC=C2N.[Pd],CCN=P(N=P(N(C)C)(N(C)C)N(C)C)(N(C)C)N(C)C,CS(=O)C,60,11,O=C(N1CC(C(F)=CC=C2N3CCCCC3)=C2C1)O[C@H]4CN([C@@H](C4)C(OC)=O)C(OC(C)(C)C)=O
O=C([C@H]1N(C(OCC2=CC=CC=C2)=O)CCC1)C3=CNC4=C3C=C(Br)C=C4,1447963-75-8,CC(C)C1=CC(=C(C(=C1)C(C)C)C2=CC=CC=C2P(C(C)(C)C)C(C)(C)C)C(C)C.CS(=O)(=O)O.C1=CC=C([C-]=C1)C2=CC=CC=C2N.[Pd],CCN=P(N=P(N(C)C)(N(C)C)N(C)C)(N(C)C)N(C)C,CS(=O)C,60,27,O=C([C@H]1N(C(OCC2=CC=CC=C2)=O)CCC1)C3=CNC4=C3C=C(N5CCCCC5)C=C4
O=C(OCC)N(CC/1)CCC1=C2C3=NC=C(Br)C=C3CCC4=C/2C=CC(Cl)=C4,1447963-75-8,CC(C)C1=CC(=C(C(=C1)C(C)C)C2=CC=CC=C2P(C(C)(C)C)C(C)(C)C)C(C)C.CS(=O)(=O)O.C1=CC=C([C-]=C1)C2=CC=CC=C2N.[Pd],CCN=P(N=P(N(C)C)(N(C)C)N(C)C)(N(C)C)N(C)C,CS(=O)C,60,37,O=C(OCC)N(CC/1)CCC1=C2C3=NC=C(N4CCCCC4)C=C3CCC5=C/2C=CC(Cl)=C5
ClC(C=C1)=CC=C1CN(C2=C3CC[C@@H]2CC(O)=O)C4=C3C=C(F)C=C4Br,1447963-75-8,CC(C)C1=CC(=C(C(=C1)C(C)C)C2=CC=CC=C2P(C(C)(C)C)C(C)(C)C)C(C)C.CS(=O)(=O)O.C1=CC=C([C-]=C1)C2=CC=CC=C2N.[Pd],CCN=P(N=P(N(C)C)(N(C)C)N(C)C)(N(C)C)N(C)C,CS(=O)C,60,0,ClC(C=C1)=CC=C1CN(C2=C3CC[C@@H]2CC(O)=O)C4=C3C=C(F)C=C4N5CCCCC5
O=C(O[C@H]1CN(C(OCC2=CC=CC=C2)=O)[C@H](C(OC)=O)C1)N(C3)CC4=C3C=CC=C4Br,1447963-75-8,CC(C)C1=CC(=C(C(=C1)C(C)C)C2=CC=CC=C2P(C(C)(C)C)C(C)(C)C)C(C)C.CS(=O)(=O)O.C1=CC=C([C-]=C1)C2=CC=CC=C2N.[Pd],CCN=P(N=P(N(C)C)(N(C)C)N(C)C)(N(C)C)N(C)C,CS(=O)C,60,0,O=C(O[C@H]1CN(C(OCC2=CC=CC=C2)=O)[C@H](C(OC)=O)C1)N(C3)CC4=C3C=CC=C4N5CCCCC5
FC1=CC(OC2CCN(C3=NOC(C4=NN(CC(O)=O)N=N4)=C3)CC2)=C(Br)C=C1,1447963-75-8,CC(C)C1=CC(=C(C(=C1)C(C)C)C2=CC=CC=C2P(C(C)(C)C)C(C)(C)C)C(C)C.CS(=O)(=O)O.C1=CC=C([C-]=C1)C2=CC=CC=C2N.[Pd],CCN=P(N=P(N(C)C)(N(C)C)N(C)C)(N(C)C)N(C)C,CS(=O)C,60,0,FC1=CC(OC2CCN(C3=NOC(C4=NN(CC(O)=O)N=N4)=C3)CC2)=C(N5CCCCC5)C=C1
OC1=C(C(NCC2=CC=C(F)C=C2)=O)N=C(Br)C3=C1N=CC=C3,1447963-75-8,CC(C)C1=CC(=C(C(=C1)C(C)C)C2=CC=CC=C2P(C(C)(C)C)C(C)(C)C)C(C)C.CS(=O)(=O)O.C1=CC=C([C-]=C1)C2=CC=CC=C2N.[Pd],CCN=P(N=P(N(C)C)(N(C)C)N(C)C)(N(C)C)N(C)C,CS(=O)C,60,3,OC1=C(C(NCC2=CC=C(F)C=C2)=O)N=C(N3CCCCC3)C4=C1N=CC=C4
CC1=CC(C#N)=CC(C)=C1OC2=NC(NC3=CC=C(C#N)C=C3)=NC(N)=C2Br,1447963-75-8,CC(C)C1=CC(=C(C(=C1)C(C)C)C2=CC=CC=C2P(C(C)(C)C)C(C)(C)C)C(C)C.CS(=O)(=O)O.C1=CC=C([C-]=C1)C2=CC=CC=C2N.[Pd],CCN=P(N=P(N(C)C)(N(C)C)N(C)C)(N(C)C)N(C)C,CS(=O)C,60,0,CC1=CC(C#N)=CC(C)=C1OC2=NC(NC3=CC=C(C#N)C=C3)=NC(N)=C2N4CCCCC4
BrC1=CC(CN2C(N[C@H]3CCC[C@H]3O)=NC4=C2C(N(CC)C(N4CCO)=O)=O)=CC=C1OC,1447963-75-8,CC(C)C1=CC(=C(C(=C1)C(C)C)C2=CC=CC=C2P(C(C)(C)C)C(C)(C)C)C(C)C.CS(=O)(=O)O.C1=CC=C([C-]=C1)C2=CC=CC=C2N.[Pd],CCN=P(N=P(N(C)C)(N(C)C)N(C)C)(N(C)C)N(C)C,CS(=O)C,60,99,O[C@@H]1CCC[C@@H]1NC(N2CC3=CC=C(OC)C(N4CCCCC4)=C3)=NC5=C2C(N(CC)C(N5CCO)=O)=O
BrC1=CSC([C@@](CC(N/2C)=O)(C)NC2=N\C(OC(C)(C)C)=O)=C1,1447963-75-8,CC(C)C1=CC(=C(C(=C1)C(C)C)C2=CC=CC=C2P(C(C)(C)C)C(C)(C)C)C(C)C.CS(=O)(=O)O.C1=CC=C([C-]=C1)C2=CC=CC=C2N.[Pd],CCN=P(N=P(N(C)C)(N(C)C)N(C)C)(N(C)C)N(C)C,CS(=O)C,60,4,C[C@](CC(N/1C)=O)(C2=CC(N3CCCCC3)=CS2)NC1=N\C(OC(C)(C)C)=O
IC1=C(F)C=C(N2C[C@H](CN3C=CN=N3)OC2=O)C=C1,1447963-75-8,CC(C)C1=CC(=C(C(=C1)C(C)C)C2=CC=CC=C2P(C(C)(C)C)C(C)(C)C)C(C)C.CS(=O)(=O)O.C1=CC=C([C-]=C1)C2=CC=CC=C2N.[Pd],CCN=P(N=P(N(C)C)(N(C)C)N(C)C)(N(C)C)N(C)C,CS(=O)C,60,0,FC1=C(N2CCCCC2)C=CC(N3C[C@H](CN4C=CN=N4)OC3=O)=C1
O=C1N(CC2=CC=C(C3=C(S(NC(C)(C)C)(=O)=O)C=CC=C3)C=C2)C(CCC)=NC4=C1C=C(I)C=C4,1447963-75-8,CC(C)C1=CC(=C(C(=C1)C(C)C)C2=CC=CC=C2P(C(C)(C)C)C(C)(C)C)C(C)C.CS(=O)(=O)O.C1=CC=C([C-]=C1)C2=CC=CC=C2N.[Pd],CCN=P(N=P(N(C)C)(N(C)C)N(C)C)(N(C)C)N(C)C,CS(=O)C,60,34,O=C1N(CC2=CC=C(C3=C(S(NC(C)(C)C)(=O)=O)C=CC=C3)C=C2)C(CCC)=NC4=C1C=C(N5CCCCC5)C=C4
ClC1=CC2=C([C@H](C(C)(NC(C)=O)C)CC23CCN(CC3)C(OC(C)(C)C)=O)C=C1C,1447963-75-8,CC(C)C1=CC(=C(C(=C1)C(C)C)C2=CC=CC=C2P(C(C)(C)C)C(C)(C)C)C(C)C.CS(=O)(=O)O.C1=CC=C([C-]=C1)C2=CC=CC=C2N.[Pd],CCN=P(N=P(N(C)C)(N(C)C)N(C)C)(N(C)C)N(C)C,CS(=O)C,60,4,CC1=CC([C@H](C(C)(NC(C)=O)C)CC23CCN(CC3)C(OC(C)(C)C)=O)=C2C=C1N4CCCCC4
ClC1=CC=C(NC(O[C@]2(C#CC3CC3)C(F)(F)F)=O)C2=C1,1447963-75-8,CC(C)C1=CC(=C(C(=C1)C(C)C)C2=CC=CC=C2P(C(C)(C)C)C(C)(C)C)C(C)C.CS(=O)(=O)O.C1=CC=C([C-]=C1)C2=CC=CC=C2N.[Pd],CCN=P(N=P(N(C)C)(N(C)C)N(C)C)(N(C)C)N(C)C,CS(=O)C,60,4,O=C1NC2=CC=C(N3CCCCC3)C=C2[C@@](C#CC4CC4)(C(F)(F)F)O1
ClC(C=C1)=CC=C1CN2C3=CC=C(OCC4=CC=C(C=CC=C5)C5=N4)C=C3C(SC(C)(C)C)=C2CC(C)(C(OC)=O)C,1447963-75-8,CC(C)C1=CC(=C(C(=C1)C(C)C)C2=CC=CC=C2P(C(C)(C)C)C(C)(C)C)C(C)C.CS(=O)(=O)O.C1=CC=C([C-]=C1)C2=CC=CC=C2N.[Pd],CCN=P(N=P(N(C)C)(N(C)C)N(C)C)(N(C)C)N(C)C,CS(=O)C,60,8,CC(C)(C)SC1=C(CC(C)(C(OC)=O)C)N(CC2=CC=C(N3CCCCC3)C=C2)C4=CC=C(OCC5=CC=C(C=CC=C6)C6=N5)C=C41
