boronate_ester_smiles,Aryl_halide_smiles,Ligand_CAS,Ligand_smiles,Base_smiles,Solvent_smiles,Temperature,Yield,Suzuki_product_smiles
CC(C(C)(C)O1)(C)OB1C(C=C2)=CN3C2=NC=N3,BrC1=CC2=C(C=C1)C=CN2,14221-01-3,C1=CC=C(C=C1)P(C2=CC=CC=C2)C3=CC=CC=C3.C1=CC=C(C=C1)P(C2=CC=CC=C2)C3=CC=CC=C3.C1=CC=C(C=C1)P(C2=CC=CC=C2)C3=CC=CC=C3.C1=CC=C(C=C1)P(C2=CC=CC=C2)C3=CC=CC=C3.[Pd],C(=O)([O-])[O-].[Na+].[Na+],COCCOC,85,49,C(C=C1)(C2=CC3=C(C=C2)C=CN3)=CN4C1=NC=N4
CC(C(C)(C)O1)(C)OB1C2=CN(S(C3=CC=CC=C3)(=O)=O)C4=C2C=CC=N4,BrC1=CC2=C(C=C1)C=CN2,14221-01-3,C1=CC=C(C=C1)P(C2=CC=CC=C2)C3=CC=CC=C3.C1=CC=C(C=C1)P(C2=CC=CC=C2)C3=CC=CC=C3.C1=CC=C(C=C1)P(C2=CC=CC=C2)C3=CC=CC=C3.C1=CC=C(C=C1)P(C2=CC=CC=C2)C3=CC=CC=C3.[Pd],C(=O)([O-])[O-].[Na+].[Na+],COCCOC,85,46,O=S(N1C=C(C2=CC3=C(C=C2)C=CN3)C4=C1N=CC=C4)(C5=CC=CC=C5)=O
CC(C(C)(C)O1)(C)OB1C2=CN(C)C3=C2C=CC=C3,BrC1=CC2=C(C=C1)C=CN2,14221-01-3,C1=CC=C(C=C1)P(C2=CC=CC=C2)C3=CC=CC=C3.C1=CC=C(C=C1)P(C2=CC=CC=C2)C3=CC=CC=C3.C1=CC=C(C=C1)P(C2=CC=CC=C2)C3=CC=CC=C3.C1=CC=C(C=C1)P(C2=CC=CC=C2)C3=CC=CC=C3.[Pd],C(=O)([O-])[O-].[Na+].[Na+],COCCOC,85,89,CN1C=C(C2=CC3=C(C=C2)C=CN3)C4=C1C=CC=C4
CC(C(C)(C)O1)(C)OB1C2=CN=C(N3N=CC(C)=C3)N=C2,BrC1=CC2=C(C=C1)C=CN2,14221-01-3,C1=CC=C(C=C1)P(C2=CC=CC=C2)C3=CC=CC=C3.C1=CC=C(C=C1)P(C2=CC=CC=C2)C3=CC=CC=C3.C1=CC=C(C=C1)P(C2=CC=CC=C2)C3=CC=CC=C3.C1=CC=C(C=C1)P(C2=CC=CC=C2)C3=CC=CC=C3.[Pd],C(=O)([O-])[O-].[Na+].[Na+],COCCOC,85,0,CC1=CN(N=C1)C2=NC=C(C3=CC4=C(C=C3)C=CN4)C=N2
CC(C(C)(C)O1)(C)OB1C2=CC=C(N=CN3C4CCOCC4)C3=C2,BrC1=CC2=C(C=C1)C=CN2,14221-01-3,C1=CC=C(C=C1)P(C2=CC=CC=C2)C3=CC=CC=C3.C1=CC=C(C=C1)P(C2=CC=CC=C2)C3=CC=CC=C3.C1=CC=C(C=C1)P(C2=CC=CC=C2)C3=CC=CC=C3.C1=CC=C(C=C1)P(C2=CC=CC=C2)C3=CC=CC=C3.[Pd],C(=O)([O-])[O-].[Na+].[Na+],COCCOC,85,69,C12=C(NC=C2)C=C(C3=CC=C(C4=C3)N=CN4C5CCOCC5)C=C1
CC(C(C)(C)O1)(C)OB1C2=CN=C(C=CC=C3)C3=C2,BrC1=CC2=C(C=C1)C=CN2,14221-01-3,C1=CC=C(C=C1)P(C2=CC=CC=C2)C3=CC=CC=C3.C1=CC=C(C=C1)P(C2=CC=CC=C2)C3=CC=CC=C3.C1=CC=C(C=C1)P(C2=CC=CC=C2)C3=CC=CC=C3.C1=CC=C(C=C1)P(C2=CC=CC=C2)C3=CC=CC=C3.[Pd],C(=O)([O-])[O-].[Na+].[Na+],COCCOC,85,76,C12=C(NC=C2)C=C(C3=CN=C4C=CC=CC4=C3)C=C1
CC(C(C)(C)O1)(C)OB1C2=CC=C(NC3=NC4=C(C=CC=C4)S3)C=C2,BrC1=CC2=C(C=C1)C=CN2,14221-01-3,C1=CC=C(C=C1)P(C2=CC=CC=C2)C3=CC=CC=C3.C1=CC=C(C=C1)P(C2=CC=CC=C2)C3=CC=CC=C3.C1=CC=C(C=C1)P(C2=CC=CC=C2)C3=CC=CC=C3.C1=CC=C(C=C1)P(C2=CC=CC=C2)C3=CC=CC=C3.[Pd],C(=O)([O-])[O-].[Na+].[Na+],COCCOC,85,32,C12=C(NC=C2)C=C(C3=CC=C(C=C3)NC4=NC5=C(S4)C=CC=C5)C=C1
CC(C(C)(C)O1)(C)OB1C2=CC=C(N(C)C3=C4C=CC=C3)C4=C2,BrC1=CC2=C(C=C1)C=CN2,14221-01-3,C1=CC=C(C=C1)P(C2=CC=CC=C2)C3=CC=CC=C3.C1=CC=C(C=C1)P(C2=CC=CC=C2)C3=CC=CC=C3.C1=CC=C(C=C1)P(C2=CC=CC=C2)C3=CC=CC=C3.C1=CC=C(C=C1)P(C2=CC=CC=C2)C3=CC=CC=C3.[Pd],C(=O)([O-])[O-].[Na+].[Na+],COCCOC,85,41,CN1C2=CC=C(C3=CC4=C(C=C3)C=CN4)C=C2C5=C1C=CC=C5
CC(C(C)(C)O1)(C)OB1C2=CC=CC(C3=NOC(C)=N3)=C2,BrC1=CC2=C(C=C1)C=CN2,14221-01-3,C1=CC=C(C=C1)P(C2=CC=CC=C2)C3=CC=CC=C3.C1=CC=C(C=C1)P(C2=CC=CC=C2)C3=CC=CC=C3.C1=CC=C(C=C1)P(C2=CC=CC=C2)C3=CC=CC=C3.C1=CC=C(C=C1)P(C2=CC=CC=C2)C3=CC=CC=C3.[Pd],C(=O)([O-])[O-].[Na+].[Na+],COCCOC,85,40,CC1=NC(C2=CC(C3=CC4=C(C=C3)C=CN4)=CC=C2)=NO1
CC(C(C)(C)O1)(C)OB1C2=CC=NC(N3CCOCC3)=C2F,BrC1=CC2=C(C=C1)C=CN2,14221-01-3,C1=CC=C(C=C1)P(C2=CC=CC=C2)C3=CC=CC=C3.C1=CC=C(C=C1)P(C2=CC=CC=C2)C3=CC=CC=C3.C1=CC=C(C=C1)P(C2=CC=CC=C2)C3=CC=CC=C3.C1=CC=C(C=C1)P(C2=CC=CC=C2)C3=CC=CC=C3.[Pd],C(=O)([O-])[O-].[Na+].[Na+],COCCOC,85,55,FC1=C(N2CCOCC2)N=CC=C1C3=CC4=C(C=C3)C=CN4
CC(C(C)(C)O1)(C)OB1C2=CN=C(N3CCN(S(C4=CC=C(Cl)C=C4)(=O)=O)CC3)C=C2,BrC1=CC2=C(C=C1)C=CN2,14221-01-3,C1=CC=C(C=C1)P(C2=CC=CC=C2)C3=CC=CC=C3.C1=CC=C(C=C1)P(C2=CC=CC=C2)C3=CC=CC=C3.C1=CC=C(C=C1)P(C2=CC=CC=C2)C3=CC=CC=C3.C1=CC=C(C=C1)P(C2=CC=CC=C2)C3=CC=CC=C3.[Pd],C(=O)([O-])[O-].[Na+].[Na+],COCCOC,85,51,ClC(C=C1)=CC=C1S(N(CC2)CCN2C3=NC=C(C4=CC5=C(C=C4)C=CN5)C=C3)(=O)=O
CC(C(C)(C)O1)(C)OB1C2=CC=CC(C3=NN=NN3)=C2,BrC1=CC2=C(C=C1)C=CN2,14221-01-3,C1=CC=C(C=C1)P(C2=CC=CC=C2)C3=CC=CC=C3.C1=CC=C(C=C1)P(C2=CC=CC=C2)C3=CC=CC=C3.C1=CC=C(C=C1)P(C2=CC=CC=C2)C3=CC=CC=C3.C1=CC=C(C=C1)P(C2=CC=CC=C2)C3=CC=CC=C3.[Pd],C(=O)([O-])[O-].[Na+].[Na+],COCCOC,85,14,C12=C(NC=C2)C=C(C3=CC=CC(C4=NN=NN4)=C3)C=C1
CC(C(C)(C)O1)(C)OB1C2=CC=C(C3=CC=CN=C3)N=C2,BrC1=CC2=C(C=C1)C=CN2,14221-01-3,C1=CC=C(C=C1)P(C2=CC=CC=C2)C3=CC=CC=C3.C1=CC=C(C=C1)P(C2=CC=CC=C2)C3=CC=CC=C3.C1=CC=C(C=C1)P(C2=CC=CC=C2)C3=CC=CC=C3.C1=CC=C(C=C1)P(C2=CC=CC=C2)C3=CC=CC=C3.[Pd],C(=O)([O-])[O-].[Na+].[Na+],COCCOC,85,57,C12=C(NC=C2)C=C(C3=CC=C(N=C3)C4=CC=CN=C4)C=C1
CC(C(C)(C)O1)(C)OB1C2=CC(C3CC3)=CC(C4=CN=CS4)=C2,BrC1=CC2=C(C=C1)C=CN2,14221-01-3,C1=CC=C(C=C1)P(C2=CC=CC=C2)C3=CC=CC=C3.C1=CC=C(C=C1)P(C2=CC=CC=C2)C3=CC=CC=C3.C1=CC=C(C=C1)P(C2=CC=CC=C2)C3=CC=CC=C3.C1=CC=C(C=C1)P(C2=CC=CC=C2)C3=CC=CC=C3.[Pd],C(=O)([O-])[O-].[Na+].[Na+],COCCOC,85,31,C12=C(NC=C2)C=C(C3=CC(C4CC4)=CC(C5=CN=CS5)=C3)C=C1
CC(C(C)(C)O1)(C)OB1C2=CN=C(C=CC=N3)C3=C2,BrC1=CC2=C(C=C1)C=CN2,14221-01-3,C1=CC=C(C=C1)P(C2=CC=CC=C2)C3=CC=CC=C3.C1=CC=C(C=C1)P(C2=CC=CC=C2)C3=CC=CC=C3.C1=CC=C(C=C1)P(C2=CC=CC=C2)C3=CC=CC=C3.C1=CC=C(C=C1)P(C2=CC=CC=C2)C3=CC=CC=C3.[Pd],C(=O)([O-])[O-].[Na+].[Na+],COCCOC,85,60,C12=C(NC=C2)C=C(C3=CN=C4C=CC=NC4=C3)C=C1
CC(C(C)(C)O1)(C)OB1C2=CC=C(N3C(C)=CC(C)=N3)C=C2,BrC1=CC2=C(C=C1)C=CN2,14221-01-3,C1=CC=C(C=C1)P(C2=CC=CC=C2)C3=CC=CC=C3.C1=CC=C(C=C1)P(C2=CC=CC=C2)C3=CC=CC=C3.C1=CC=C(C=C1)P(C2=CC=CC=C2)C3=CC=CC=C3.C1=CC=C(C=C1)P(C2=CC=CC=C2)C3=CC=CC=C3.[Pd],C(=O)([O-])[O-].[Na+].[Na+],COCCOC,85,48,CC1=CC(C)=NN1C2=CC=C(C3=CC4=C(C=C3)C=CN4)C=C2
CC(C(C)(C)O1)(C)OB1C2=CC=C(OCCN3N=NC(C(C)(O)C)=C3)C=C2,BrC1=CC2=C(C=C1)C=CN2,14221-01-3,C1=CC=C(C=C1)P(C2=CC=CC=C2)C3=CC=CC=C3.C1=CC=C(C=C1)P(C2=CC=CC=C2)C3=CC=CC=C3.C1=CC=C(C=C1)P(C2=CC=CC=C2)C3=CC=CC=C3.C1=CC=C(C=C1)P(C2=CC=CC=C2)C3=CC=CC=C3.[Pd],C(=O)([O-])[O-].[Na+].[Na+],COCCOC,85,31,CC(O)(C)C1=CN(N=N1)CCOC2=CC=C(C3=CC4=C(C=C3)C=CN4)C=C2
CC(C(C)(C)O1)(C)OB1C2=CN=C(N(C)C=N3)C3=C2,BrC1=CC2=C(C=C1)C=CN2,14221-01-3,C1=CC=C(C=C1)P(C2=CC=CC=C2)C3=CC=CC=C3.C1=CC=C(C=C1)P(C2=CC=CC=C2)C3=CC=CC=C3.C1=CC=C(C=C1)P(C2=CC=CC=C2)C3=CC=CC=C3.C1=CC=C(C=C1)P(C2=CC=CC=C2)C3=CC=CC=C3.[Pd],C(=O)([O-])[O-].[Na+].[Na+],COCCOC,85,48,CN1C2=NC=C(C3=CC4=C(C=C3)C=CN4)C=C2N=C1
CC(C(C)(C)O1)(C)OB1C2=CC=C(C3=CN=CC=N3)C=C2,BrC1=CC2=C(C=C1)C=CN2,14221-01-3,C1=CC=C(C=C1)P(C2=CC=CC=C2)C3=CC=CC=C3.C1=CC=C(C=C1)P(C2=CC=CC=C2)C3=CC=CC=C3.C1=CC=C(C=C1)P(C2=CC=CC=C2)C3=CC=CC=C3.C1=CC=C(C=C1)P(C2=CC=CC=C2)C3=CC=CC=C3.[Pd],C(=O)([O-])[O-].[Na+].[Na+],COCCOC,85,47,C12=C(NC=C2)C=C(C3=CC=C(C=C3)C4=CN=CC=N4)C=C1
CC(C(C)(C)O1)(C)OB1C2=CC(C(F)(F)F)=C(C3CCC3)N=C2,BrC1=CC2=C(C=C1)C=CN2,14221-01-3,C1=CC=C(C=C1)P(C2=CC=CC=C2)C3=CC=CC=C3.C1=CC=C(C=C1)P(C2=CC=CC=C2)C3=CC=CC=C3.C1=CC=C(C=C1)P(C2=CC=CC=C2)C3=CC=CC=C3.C1=CC=C(C=C1)P(C2=CC=CC=C2)C3=CC=CC=C3.[Pd],C(=O)([O-])[O-].[Na+].[Na+],COCCOC,85,78,FC(F)(F)C(C=C(C1=CC2=C(C=C1)C=CN2)C=N3)=C3C4CCC4
CC(C(C)(C)O1)(C)OB1C2=CC=C(C(NC3CCOC3)=O)C=C2,BrC1=CC2=C(C=C1)C=CN2,14221-01-3,C1=CC=C(C=C1)P(C2=CC=CC=C2)C3=CC=CC=C3.C1=CC=C(C=C1)P(C2=CC=CC=C2)C3=CC=CC=C3.C1=CC=C(C=C1)P(C2=CC=CC=C2)C3=CC=CC=C3.C1=CC=C(C=C1)P(C2=CC=CC=C2)C3=CC=CC=C3.[Pd],C(=O)([O-])[O-].[Na+].[Na+],COCCOC,85,39,O=C(NC1CCOC1)C2=CC=C(C3=CC4=C(C=C3)C=CN4)C=C2
CC(C(C)(C)O1)(C)OB1C2=CN=C(CC#N)C=C2,BrC1=CC2=C(C=C1)C=CN2,14221-01-3,C1=CC=C(C=C1)P(C2=CC=CC=C2)C3=CC=CC=C3.C1=CC=C(C=C1)P(C2=CC=CC=C2)C3=CC=CC=C3.C1=CC=C(C=C1)P(C2=CC=CC=C2)C3=CC=CC=C3.C1=CC=C(C=C1)P(C2=CC=CC=C2)C3=CC=CC=C3.[Pd],C(=O)([O-])[O-].[Na+].[Na+],COCCOC,85,35,N#CCC1=NC=C(C2=CC3=C(C=C2)C=CN3)C=C1
CC(C(C)(C)O1)(C)OB1C2=CC=CC(C3(NC(OCC4=CC=CC=C4)=O)CC3)=C2,BrC1=CC2=C(C=C1)C=CN2,14221-01-3,C1=CC=C(C=C1)P(C2=CC=CC=C2)C3=CC=CC=C3.C1=CC=C(C=C1)P(C2=CC=CC=C2)C3=CC=CC=C3.C1=CC=C(C=C1)P(C2=CC=CC=C2)C3=CC=CC=C3.C1=CC=C(C=C1)P(C2=CC=CC=C2)C3=CC=CC=C3.[Pd],C(=O)([O-])[O-].[Na+].[Na+],COCCOC,85,40,O=C(OCC1=CC=CC=C1)NC2(CC2)C3=CC(C4=CC5=C(C=C4)C=CN5)=CC=C3
CC(C(C)(C)O1)(C)OB1C2=CC=C(NC=C3C([C@H]4CCCN4C(OCC5=CC=CC=C5)=O)=O)C3=C2,BrC1=CC2=C(C=C1)C=CN2,14221-01-3,C1=CC=C(C=C1)P(C2=CC=CC=C2)C3=CC=CC=C3.C1=CC=C(C=C1)P(C2=CC=CC=C2)C3=CC=CC=C3.C1=CC=C(C=C1)P(C2=CC=CC=C2)C3=CC=CC=C3.C1=CC=C(C=C1)P(C2=CC=CC=C2)C3=CC=CC=C3.[Pd],C(=O)([O-])[O-].[Na+].[Na+],COCCOC,85,24,O=C(OCC1=CC=CC=C1)N2CCC[C@@H]2C(C3=CNC4=CC=C(C5=CC6=C(C=C5)C=CN6)C=C43)=O
CC(C(C)(C)O1)(C)OB1C(C=C2)=CN3C2=NC=N3,BrC1=CC2=C(C=C1)C=CN2,72287-26-4,C1=CC=C(C=C1)P(C2=CC=CC=C2)[C]3[CH][CH][CH][CH]3.C1=CC=C(C=C1)P(C2=CC=CC=C2)[C]3[CH][CH][CH][CH]3.Cl[Pd]Cl.[Fe],C(=O)([O-])[O-].[Na+].[Na+],COCCOC,85,48,C(C=C1)(C2=CC3=C(C=C2)C=CN3)=CN4C1=NC=N4
CC(C(C)(C)O1)(C)OB1C2=CN(S(C3=CC=CC=C3)(=O)=O)C4=C2C=CC=N4,BrC1=CC2=C(C=C1)C=CN2,72287-26-4,C1=CC=C(C=C1)P(C2=CC=CC=C2)[C]3[CH][CH][CH][CH]3.C1=CC=C(C=C1)P(C2=CC=CC=C2)[C]3[CH][CH][CH][CH]3.Cl[Pd]Cl.[Fe],C(=O)([O-])[O-].[Na+].[Na+],COCCOC,85,48,O=S(N1C=C(C2=CC3=C(C=C2)C=CN3)C4=C1N=CC=C4)(C5=CC=CC=C5)=O
CC(C(C)(C)O1)(C)OB1C2=CN(C)C3=C2C=CC=C3,BrC1=CC2=C(C=C1)C=CN2,72287-26-4,C1=CC=C(C=C1)P(C2=CC=CC=C2)[C]3[CH][CH][CH][CH]3.C1=CC=C(C=C1)P(C2=CC=CC=C2)[C]3[CH][CH][CH][CH]3.Cl[Pd]Cl.[Fe],C(=O)([O-])[O-].[Na+].[Na+],COCCOC,85,49,CN1C=C(C2=CC3=C(C=C2)C=CN3)C4=C1C=CC=C4
CC(C(C)(C)O1)(C)OB1C2=CN=C(N3N=CC(C)=C3)N=C2,BrC1=CC2=C(C=C1)C=CN2,72287-26-4,C1=CC=C(C=C1)P(C2=CC=CC=C2)[C]3[CH][CH][CH][CH]3.C1=CC=C(C=C1)P(C2=CC=CC=C2)[C]3[CH][CH][CH][CH]3.Cl[Pd]Cl.[Fe],C(=O)([O-])[O-].[Na+].[Na+],COCCOC,85,21,CC1=CN(N=C1)C2=NC=C(C3=CC4=C(C=C3)C=CN4)C=N2
CC(C(C)(C)O1)(C)OB1C2=CC=C(N=CN3C4CCOCC4)C3=C2,BrC1=CC2=C(C=C1)C=CN2,72287-26-4,C1=CC=C(C=C1)P(C2=CC=CC=C2)[C]3[CH][CH][CH][CH]3.C1=CC=C(C=C1)P(C2=CC=CC=C2)[C]3[CH][CH][CH][CH]3.Cl[Pd]Cl.[Fe],C(=O)([O-])[O-].[Na+].[Na+],COCCOC,85,71,C12=C(NC=C2)C=C(C3=CC=C(C4=C3)N=CN4C5CCOCC5)C=C1
CC(C(C)(C)O1)(C)OB1C2=CN=C(C=CC=C3)C3=C2,BrC1=CC2=C(C=C1)C=CN2,72287-26-4,C1=CC=C(C=C1)P(C2=CC=CC=C2)[C]3[CH][CH][CH][CH]3.C1=CC=C(C=C1)P(C2=CC=CC=C2)[C]3[CH][CH][CH][CH]3.Cl[Pd]Cl.[Fe],C(=O)([O-])[O-].[Na+].[Na+],COCCOC,85,82,C12=C(NC=C2)C=C(C3=CN=C4C=CC=CC4=C3)C=C1
CC(C(C)(C)O1)(C)OB1C2=CC=C(NC3=NC4=C(C=CC=C4)S3)C=C2,BrC1=CC2=C(C=C1)C=CN2,72287-26-4,C1=CC=C(C=C1)P(C2=CC=CC=C2)[C]3[CH][CH][CH][CH]3.C1=CC=C(C=C1)P(C2=CC=CC=C2)[C]3[CH][CH][CH][CH]3.Cl[Pd]Cl.[Fe],C(=O)([O-])[O-].[Na+].[Na+],COCCOC,85,21,C12=C(NC=C2)C=C(C3=CC=C(C=C3)NC4=NC5=C(S4)C=CC=C5)C=C1
CC(C(C)(C)O1)(C)OB1C2=CC=C(N(C)C3=C4C=CC=C3)C4=C2,BrC1=CC2=C(C=C1)C=CN2,72287-26-4,C1=CC=C(C=C1)P(C2=CC=CC=C2)[C]3[CH][CH][CH][CH]3.C1=CC=C(C=C1)P(C2=CC=CC=C2)[C]3[CH][CH][CH][CH]3.Cl[Pd]Cl.[Fe],C(=O)([O-])[O-].[Na+].[Na+],COCCOC,85,62,CN1C2=CC=C(C3=CC4=C(C=C3)C=CN4)C=C2C5=C1C=CC=C5
CC(C(C)(C)O1)(C)OB1C2=CC=CC(C3=NOC(C)=N3)=C2,BrC1=CC2=C(C=C1)C=CN2,72287-26-4,C1=CC=C(C=C1)P(C2=CC=CC=C2)[C]3[CH][CH][CH][CH]3.C1=CC=C(C=C1)P(C2=CC=CC=C2)[C]3[CH][CH][CH][CH]3.Cl[Pd]Cl.[Fe],C(=O)([O-])[O-].[Na+].[Na+],COCCOC,85,69,CC1=NC(C2=CC(C3=CC4=C(C=C3)C=CN4)=CC=C2)=NO1
CC(C(C)(C)O1)(C)OB1C2=CC=NC(N3CCOCC3)=C2F,BrC1=CC2=C(C=C1)C=CN2,72287-26-4,C1=CC=C(C=C1)P(C2=CC=CC=C2)[C]3[CH][CH][CH][CH]3.C1=CC=C(C=C1)P(C2=CC=CC=C2)[C]3[CH][CH][CH][CH]3.Cl[Pd]Cl.[Fe],C(=O)([O-])[O-].[Na+].[Na+],COCCOC,85,80,FC1=C(N2CCOCC2)N=CC=C1C3=CC4=C(C=C3)C=CN4
CC(C(C)(C)O1)(C)OB1C2=CN=C(N3CCN(S(C4=CC=C(Cl)C=C4)(=O)=O)CC3)C=C2,BrC1=CC2=C(C=C1)C=CN2,72287-26-4,C1=CC=C(C=C1)P(C2=CC=CC=C2)[C]3[CH][CH][CH][CH]3.C1=CC=C(C=C1)P(C2=CC=CC=C2)[C]3[CH][CH][CH][CH]3.Cl[Pd]Cl.[Fe],C(=O)([O-])[O-].[Na+].[Na+],COCCOC,85,72,ClC(C=C1)=CC=C1S(N(CC2)CCN2C3=NC=C(C4=CC5=C(C=C4)C=CN5)C=C3)(=O)=O
CC(C(C)(C)O1)(C)OB1C2=CC=CC(C3=NN=NN3)=C2,BrC1=CC2=C(C=C1)C=CN2,72287-26-4,C1=CC=C(C=C1)P(C2=CC=CC=C2)[C]3[CH][CH][CH][CH]3.C1=CC=C(C=C1)P(C2=CC=CC=C2)[C]3[CH][CH][CH][CH]3.Cl[Pd]Cl.[Fe],C(=O)([O-])[O-].[Na+].[Na+],COCCOC,85,21,C12=C(NC=C2)C=C(C3=CC=CC(C4=NN=NN4)=C3)C=C1
CC(C(C)(C)O1)(C)OB1C2=CC=C(C3=CC=CN=C3)N=C2,BrC1=CC2=C(C=C1)C=CN2,72287-26-4,C1=CC=C(C=C1)P(C2=CC=CC=C2)[C]3[CH][CH][CH][CH]3.C1=CC=C(C=C1)P(C2=CC=CC=C2)[C]3[CH][CH][CH][CH]3.Cl[Pd]Cl.[Fe],C(=O)([O-])[O-].[Na+].[Na+],COCCOC,85,62,C12=C(NC=C2)C=C(C3=CC=C(N=C3)C4=CC=CN=C4)C=C1
CC(C(C)(C)O1)(C)OB1C2=CC(C3CC3)=CC(C4=CN=CS4)=C2,BrC1=CC2=C(C=C1)C=CN2,72287-26-4,C1=CC=C(C=C1)P(C2=CC=CC=C2)[C]3[CH][CH][CH][CH]3.C1=CC=C(C=C1)P(C2=CC=CC=C2)[C]3[CH][CH][CH][CH]3.Cl[Pd]Cl.[Fe],C(=O)([O-])[O-].[Na+].[Na+],COCCOC,85,48,C12=C(NC=C2)C=C(C3=CC(C4CC4)=CC(C5=CN=CS5)=C3)C=C1
CC(C(C)(C)O1)(C)OB1C2=CN=C(C=CC=N3)C3=C2,BrC1=CC2=C(C=C1)C=CN2,72287-26-4,C1=CC=C(C=C1)P(C2=CC=CC=C2)[C]3[CH][CH][CH][CH]3.C1=CC=C(C=C1)P(C2=CC=CC=C2)[C]3[CH][CH][CH][CH]3.Cl[Pd]Cl.[Fe],C(=O)([O-])[O-].[Na+].[Na+],COCCOC,85,69,C12=C(NC=C2)C=C(C3=CN=C4C=CC=NC4=C3)C=C1
CC(C(C)(C)O1)(C)OB1C2=CC=C(N3C(C)=CC(C)=N3)C=C2,BrC1=CC2=C(C=C1)C=CN2,72287-26-4,C1=CC=C(C=C1)P(C2=CC=CC=C2)[C]3[CH][CH][CH][CH]3.C1=CC=C(C=C1)P(C2=CC=CC=C2)[C]3[CH][CH][CH][CH]3.Cl[Pd]Cl.[Fe],C(=O)([O-])[O-].[Na+].[Na+],COCCOC,85,82,CC1=CC(C)=NN1C2=CC=C(C3=CC4=C(C=C3)C=CN4)C=C2
CC(C(C)(C)O1)(C)OB1C2=CC=C(OCCN3N=NC(C(C)(O)C)=C3)C=C2,BrC1=CC2=C(C=C1)C=CN2,72287-26-4,C1=CC=C(C=C1)P(C2=CC=CC=C2)[C]3[CH][CH][CH][CH]3.C1=CC=C(C=C1)P(C2=CC=CC=C2)[C]3[CH][CH][CH][CH]3.Cl[Pd]Cl.[Fe],C(=O)([O-])[O-].[Na+].[Na+],COCCOC,85,49,CC(O)(C)C1=CN(N=N1)CCOC2=CC=C(C3=CC4=C(C=C3)C=CN4)C=C2
CC(C(C)(C)O1)(C)OB1C2=CN=C(N(C)C=N3)C3=C2,BrC1=CC2=C(C=C1)C=CN2,72287-26-4,C1=CC=C(C=C1)P(C2=CC=CC=C2)[C]3[CH][CH][CH][CH]3.C1=CC=C(C=C1)P(C2=CC=CC=C2)[C]3[CH][CH][CH][CH]3.Cl[Pd]Cl.[Fe],C(=O)([O-])[O-].[Na+].[Na+],COCCOC,85,60,CN1C2=NC=C(C3=CC4=C(C=C3)C=CN4)C=C2N=C1
CC(C(C)(C)O1)(C)OB1C2=CC=C(C3=CN=CC=N3)C=C2,BrC1=CC2=C(C=C1)C=CN2,72287-26-4,C1=CC=C(C=C1)P(C2=CC=CC=C2)[C]3[CH][CH][CH][CH]3.C1=CC=C(C=C1)P(C2=CC=CC=C2)[C]3[CH][CH][CH][CH]3.Cl[Pd]Cl.[Fe],C(=O)([O-])[O-].[Na+].[Na+],COCCOC,85,60,C12=C(NC=C2)C=C(C3=CC=C(C=C3)C4=CN=CC=N4)C=C1
CC(C(C)(C)O1)(C)OB1C2=CC(C(F)(F)F)=C(C3CCC3)N=C2,BrC1=CC2=C(C=C1)C=CN2,72287-26-4,C1=CC=C(C=C1)P(C2=CC=CC=C2)[C]3[CH][CH][CH][CH]3.C1=CC=C(C=C1)P(C2=CC=CC=C2)[C]3[CH][CH][CH][CH]3.Cl[Pd]Cl.[Fe],C(=O)([O-])[O-].[Na+].[Na+],COCCOC,85,83,FC(F)(F)C(C=C(C1=CC2=C(C=C1)C=CN2)C=N3)=C3C4CCC4
CC(C(C)(C)O1)(C)OB1C2=CC=C(C(NC3CCOC3)=O)C=C2,BrC1=CC2=C(C=C1)C=CN2,72287-26-4,C1=CC=C(C=C1)P(C2=CC=CC=C2)[C]3[CH][CH][CH][CH]3.C1=CC=C(C=C1)P(C2=CC=CC=C2)[C]3[CH][CH][CH][CH]3.Cl[Pd]Cl.[Fe],C(=O)([O-])[O-].[Na+].[Na+],COCCOC,85,65,O=C(NC1CCOC1)C2=CC=C(C3=CC4=C(C=C3)C=CN4)C=C2
CC(C(C)(C)O1)(C)OB1C2=CN=C(CC#N)C=C2,BrC1=CC2=C(C=C1)C=CN2,72287-26-4,C1=CC=C(C=C1)P(C2=CC=CC=C2)[C]3[CH][CH][CH][CH]3.C1=CC=C(C=C1)P(C2=CC=CC=C2)[C]3[CH][CH][CH][CH]3.Cl[Pd]Cl.[Fe],C(=O)([O-])[O-].[Na+].[Na+],COCCOC,85,59,N#CCC1=NC=C(C2=CC3=C(C=C2)C=CN3)C=C1
CC(C(C)(C)O1)(C)OB1C2=CC=CC(C3(NC(OCC4=CC=CC=C4)=O)CC3)=C2,BrC1=CC2=C(C=C1)C=CN2,72287-26-4,C1=CC=C(C=C1)P(C2=CC=CC=C2)[C]3[CH][CH][CH][CH]3.C1=CC=C(C=C1)P(C2=CC=CC=C2)[C]3[CH][CH][CH][CH]3.Cl[Pd]Cl.[Fe],C(=O)([O-])[O-].[Na+].[Na+],COCCOC,85,83,O=C(OCC1=CC=CC=C1)NC2(CC2)C3=CC(C4=CC5=C(C=C4)C=CN5)=CC=C3
CC(C(C)(C)O1)(C)OB1C2=CC=C(NC=C3C([C@H]4CCCN4C(OCC5=CC=CC=C5)=O)=O)C3=C2,BrC1=CC2=C(C=C1)C=CN2,72287-26-4,C1=CC=C(C=C1)P(C2=CC=CC=C2)[C]3[CH][CH][CH][CH]3.C1=CC=C(C=C1)P(C2=CC=CC=C2)[C]3[CH][CH][CH][CH]3.Cl[Pd]Cl.[Fe],C(=O)([O-])[O-].[Na+].[Na+],COCCOC,85,54,O=C(OCC1=CC=CC=C1)N2CCC[C@@H]2C(C3=CNC4=CC=C(C5=CC6=C(C=C5)C=CN6)C=C43)=O
CC(C(C)(C)O1)(C)OB1C(C=C2)=CN3C2=NC=N3,ClC1=CC2=C(C=CN2)C=C1,1310584-14-5,CC(C1=CC(C(C)C)=C(C2=CC=CC=C2P(C3CCCCC3)C4CCCCC4)C(C(C)C)=C1)C.NC5=CC=CC=C5C6=CC=CC=[C-]6.Cl[Pd+],[O-]P(=O)([O-])[O-].[K+].[K+].[K+],C1CCOC1,25,41,C(C=C1)(C2=CC3=C(C=C2)C=CN3)=CN4C1=NC=N4
CC(C(C)(C)O1)(C)OB1C2=CN(S(C3=CC=CC=C3)(=O)=O)C4=C2C=CC=N4,ClC1=CC2=C(C=CN2)C=C1,1310584-14-5,CC(C1=CC(C(C)C)=C(C2=CC=CC=C2P(C3CCCCC3)C4CCCCC4)C(C(C)C)=C1)C.NC5=CC=CC=C5C6=CC=CC=[C-]6.Cl[Pd+],[O-]P(=O)([O-])[O-].[K+].[K+].[K+],C1CCOC1,25,37,O=S(N1C=C(C2=CC3=C(C=C2)C=CN3)C4=C1N=CC=C4)(C5=CC=CC=C5)=O
CC(C(C)(C)O1)(C)OB1C2=CN(C)C3=C2C=CC=C3,ClC1=CC2=C(C=CN2)C=C1,1310584-14-5,CC(C1=CC(C(C)C)=C(C2=CC=CC=C2P(C3CCCCC3)C4CCCCC4)C(C(C)C)=C1)C.NC5=CC=CC=C5C6=CC=CC=[C-]6.Cl[Pd+],[O-]P(=O)([O-])[O-].[K+].[K+].[K+],C1CCOC1,25,51,CN1C=C(C2=CC3=C(C=C2)C=CN3)C4=C1C=CC=C4
CC(C(C)(C)O1)(C)OB1C2=CN=C(N3N=CC(C)=C3)N=C2,ClC1=CC2=C(C=CN2)C=C1,1310584-14-5,CC(C1=CC(C(C)C)=C(C2=CC=CC=C2P(C3CCCCC3)C4CCCCC4)C(C(C)C)=C1)C.NC5=CC=CC=C5C6=CC=CC=[C-]6.Cl[Pd+],[O-]P(=O)([O-])[O-].[K+].[K+].[K+],C1CCOC1,25,0,CC1=CN(N=C1)C2=NC=C(C3=CC4=C(C=C3)C=CN4)C=N2
CC(C(C)(C)O1)(C)OB1C2=CC=C(N=CN3C4CCOCC4)C3=C2,ClC1=CC2=C(C=CN2)C=C1,1310584-14-5,CC(C1=CC(C(C)C)=C(C2=CC=CC=C2P(C3CCCCC3)C4CCCCC4)C(C(C)C)=C1)C.NC5=CC=CC=C5C6=CC=CC=[C-]6.Cl[Pd+],[O-]P(=O)([O-])[O-].[K+].[K+].[K+],C1CCOC1,25,26,C12=C(NC=C2)C=C(C3=CC=C(C4=C3)N=CN4C5CCOCC5)C=C1
CC(C(C)(C)O1)(C)OB1C2=CN=C(C=CC=C3)C3=C2,ClC1=CC2=C(C=CN2)C=C1,1310584-14-5,CC(C1=CC(C(C)C)=C(C2=CC=CC=C2P(C3CCCCC3)C4CCCCC4)C(C(C)C)=C1)C.NC5=CC=CC=C5C6=CC=CC=[C-]6.Cl[Pd+],[O-]P(=O)([O-])[O-].[K+].[K+].[K+],C1CCOC1,25,18,C12=C(NC=C2)C=C(C3=CN=C4C=CC=CC4=C3)C=C1
CC(C(C)(C)O1)(C)OB1C2=CC=C(NC3=NC4=C(C=CC=C4)S3)C=C2,ClC1=CC2=C(C=CN2)C=C1,1310584-14-5,CC(C1=CC(C(C)C)=C(C2=CC=CC=C2P(C3CCCCC3)C4CCCCC4)C(C(C)C)=C1)C.NC5=CC=CC=C5C6=CC=CC=[C-]6.Cl[Pd+],[O-]P(=O)([O-])[O-].[K+].[K+].[K+],C1CCOC1,25,51,C12=C(NC=C2)C=C(C3=CC=C(C=C3)NC4=NC5=C(S4)C=CC=C5)C=C1
CC(C(C)(C)O1)(C)OB1C2=CC=C(N(C)C3=C4C=CC=C3)C4=C2,ClC1=CC2=C(C=CN2)C=C1,1310584-14-5,CC(C1=CC(C(C)C)=C(C2=CC=CC=C2P(C3CCCCC3)C4CCCCC4)C(C(C)C)=C1)C.NC5=CC=CC=C5C6=CC=CC=[C-]6.Cl[Pd+],[O-]P(=O)([O-])[O-].[K+].[K+].[K+],C1CCOC1,25,98,CN1C2=CC=C(C3=CC4=C(C=C3)C=CN4)C=C2C5=C1C=CC=C5
CC(C(C)(C)O1)(C)OB1C2=CC=CC(C3=NOC(C)=N3)=C2,ClC1=CC2=C(C=CN2)C=C1,1310584-14-5,CC(C1=CC(C(C)C)=C(C2=CC=CC=C2P(C3CCCCC3)C4CCCCC4)C(C(C)C)=C1)C.NC5=CC=CC=C5C6=CC=CC=[C-]6.Cl[Pd+],[O-]P(=O)([O-])[O-].[K+].[K+].[K+],C1CCOC1,25,0,CC1=NC(C2=CC(C3=CC4=C(C=C3)C=CN4)=CC=C2)=NO1
CC(C(C)(C)O1)(C)OB1C2=CC=NC(N3CCOCC3)=C2F,ClC1=CC2=C(C=CN2)C=C1,1310584-14-5,CC(C1=CC(C(C)C)=C(C2=CC=CC=C2P(C3CCCCC3)C4CCCCC4)C(C(C)C)=C1)C.NC5=CC=CC=C5C6=CC=CC=[C-]6.Cl[Pd+],[O-]P(=O)([O-])[O-].[K+].[K+].[K+],C1CCOC1,25,77,FC1=C(N2CCOCC2)N=CC=C1C3=CC4=C(C=C3)C=CN4
CC(C(C)(C)O1)(C)OB1C2=CN=C(N3CCN(S(C4=CC=C(Cl)C=C4)(=O)=O)CC3)C=C2,ClC1=CC2=C(C=CN2)C=C1,1310584-14-5,CC(C1=CC(C(C)C)=C(C2=CC=CC=C2P(C3CCCCC3)C4CCCCC4)C(C(C)C)=C1)C.NC5=CC=CC=C5C6=CC=CC=[C-]6.Cl[Pd+],[O-]P(=O)([O-])[O-].[K+].[K+].[K+],C1CCOC1,25,0,ClC(C=C1)=CC=C1S(N(CC2)CCN2C3=NC=C(C4=CC5=C(C=C4)C=CN5)C=C3)(=O)=O
CC(C(C)(C)O1)(C)OB1C2=CC=CC(C3=NN=NN3)=C2,ClC1=CC2=C(C=CN2)C=C1,1310584-14-5,CC(C1=CC(C(C)C)=C(C2=CC=CC=C2P(C3CCCCC3)C4CCCCC4)C(C(C)C)=C1)C.NC5=CC=CC=C5C6=CC=CC=[C-]6.Cl[Pd+],[O-]P(=O)([O-])[O-].[K+].[K+].[K+],C1CCOC1,25,0,C12=C(NC=C2)C=C(C3=CC=CC(C4=NN=NN4)=C3)C=C1
CC(C(C)(C)O1)(C)OB1C2=CC=C(C3=CC=CN=C3)N=C2,ClC1=CC2=C(C=CN2)C=C1,1310584-14-5,CC(C1=CC(C(C)C)=C(C2=CC=CC=C2P(C3CCCCC3)C4CCCCC4)C(C(C)C)=C1)C.NC5=CC=CC=C5C6=CC=CC=[C-]6.Cl[Pd+],[O-]P(=O)([O-])[O-].[K+].[K+].[K+],C1CCOC1,25,36,C12=C(NC=C2)C=C(C3=CC=C(N=C3)C4=CC=CN=C4)C=C1
CC(C(C)(C)O1)(C)OB1C2=CC(C3CC3)=CC(C4=CN=CS4)=C2,ClC1=CC2=C(C=CN2)C=C1,1310584-14-5,CC(C1=CC(C(C)C)=C(C2=CC=CC=C2P(C3CCCCC3)C4CCCCC4)C(C(C)C)=C1)C.NC5=CC=CC=C5C6=CC=CC=[C-]6.Cl[Pd+],[O-]P(=O)([O-])[O-].[K+].[K+].[K+],C1CCOC1,25,77,C12=C(NC=C2)C=C(C3=CC(C4CC4)=CC(C5=CN=CS5)=C3)C=C1
CC(C(C)(C)O1)(C)OB1C2=CN=C(C=CC=N3)C3=C2,ClC1=CC2=C(C=CN2)C=C1,1310584-14-5,CC(C1=CC(C(C)C)=C(C2=CC=CC=C2P(C3CCCCC3)C4CCCCC4)C(C(C)C)=C1)C.NC5=CC=CC=C5C6=CC=CC=[C-]6.Cl[Pd+],[O-]P(=O)([O-])[O-].[K+].[K+].[K+],C1CCOC1,25,56,C12=C(NC=C2)C=C(C3=CN=C4C=CC=NC4=C3)C=C1
CC(C(C)(C)O1)(C)OB1C2=CC=C(N3C(C)=CC(C)=N3)C=C2,ClC1=CC2=C(C=CN2)C=C1,1310584-14-5,CC(C1=CC(C(C)C)=C(C2=CC=CC=C2P(C3CCCCC3)C4CCCCC4)C(C(C)C)=C1)C.NC5=CC=CC=C5C6=CC=CC=[C-]6.Cl[Pd+],[O-]P(=O)([O-])[O-].[K+].[K+].[K+],C1CCOC1,25,72,CC1=CC(C)=NN1C2=CC=C(C3=CC4=C(C=C3)C=CN4)C=C2
CC(C(C)(C)O1)(C)OB1C2=CC=C(OCCN3N=NC(C(C)(O)C)=C3)C=C2,ClC1=CC2=C(C=CN2)C=C1,1310584-14-5,CC(C1=CC(C(C)C)=C(C2=CC=CC=C2P(C3CCCCC3)C4CCCCC4)C(C(C)C)=C1)C.NC5=CC=CC=C5C6=CC=CC=[C-]6.Cl[Pd+],[O-]P(=O)([O-])[O-].[K+].[K+].[K+],C1CCOC1,25,37,CC(O)(C)C1=CN(N=N1)CCOC2=CC=C(C3=CC4=C(C=C3)C=CN4)C=C2
CC(C(C)(C)O1)(C)OB1C2=CN=C(N(C)C=N3)C3=C2,ClC1=CC2=C(C=CN2)C=C1,1310584-14-5,CC(C1=CC(C(C)C)=C(C2=CC=CC=C2P(C3CCCCC3)C4CCCCC4)C(C(C)C)=C1)C.NC5=CC=CC=C5C6=CC=CC=[C-]6.Cl[Pd+],[O-]P(=O)([O-])[O-].[K+].[K+].[K+],C1CCOC1,25,47,CN1C2=NC=C(C3=CC4=C(C=C3)C=CN4)C=C2N=C1
CC(C(C)(C)O1)(C)OB1C2=CC=C(C3=CN=CC=N3)C=C2,ClC1=CC2=C(C=CN2)C=C1,1310584-14-5,CC(C1=CC(C(C)C)=C(C2=CC=CC=C2P(C3CCCCC3)C4CCCCC4)C(C(C)C)=C1)C.NC5=CC=CC=C5C6=CC=CC=[C-]6.Cl[Pd+],[O-]P(=O)([O-])[O-].[K+].[K+].[K+],C1CCOC1,25,57,C12=C(NC=C2)C=C(C3=CC=C(C=C3)C4=CN=CC=N4)C=C1
CC(C(C)(C)O1)(C)OB1C2=CC(C(F)(F)F)=C(C3CCC3)N=C2,ClC1=CC2=C(C=CN2)C=C1,1310584-14-5,CC(C1=CC(C(C)C)=C(C2=CC=CC=C2P(C3CCCCC3)C4CCCCC4)C(C(C)C)=C1)C.NC5=CC=CC=C5C6=CC=CC=[C-]6.Cl[Pd+],[O-]P(=O)([O-])[O-].[K+].[K+].[K+],C1CCOC1,25,79,FC(F)(F)C(C=C(C1=CC2=C(C=C1)C=CN2)C=N3)=C3C4CCC4
CC(C(C)(C)O1)(C)OB1C2=CC=C(C(NC3CCOC3)=O)C=C2,ClC1=CC2=C(C=CN2)C=C1,1310584-14-5,CC(C1=CC(C(C)C)=C(C2=CC=CC=C2P(C3CCCCC3)C4CCCCC4)C(C(C)C)=C1)C.NC5=CC=CC=C5C6=CC=CC=[C-]6.Cl[Pd+],[O-]P(=O)([O-])[O-].[K+].[K+].[K+],C1CCOC1,25,60,O=C(NC1CCOC1)C2=CC=C(C3=CC4=C(C=C3)C=CN4)C=C2
CC(C(C)(C)O1)(C)OB1C2=CN=C(CC#N)C=C2,ClC1=CC2=C(C=CN2)C=C1,1310584-14-5,CC(C1=CC(C(C)C)=C(C2=CC=CC=C2P(C3CCCCC3)C4CCCCC4)C(C(C)C)=C1)C.NC5=CC=CC=C5C6=CC=CC=[C-]6.Cl[Pd+],[O-]P(=O)([O-])[O-].[K+].[K+].[K+],C1CCOC1,25,51,N#CCC1=NC=C(C2=CC3=C(C=C2)C=CN3)C=C1
CC(C(C)(C)O1)(C)OB1C2=CC=CC(C3(NC(OCC4=CC=CC=C4)=O)CC3)=C2,ClC1=CC2=C(C=CN2)C=C1,1310584-14-5,CC(C1=CC(C(C)C)=C(C2=CC=CC=C2P(C3CCCCC3)C4CCCCC4)C(C(C)C)=C1)C.NC5=CC=CC=C5C6=CC=CC=[C-]6.Cl[Pd+],[O-]P(=O)([O-])[O-].[K+].[K+].[K+],C1CCOC1,25,82,O=C(OCC1=CC=CC=C1)NC2(CC2)C3=CC(C4=CC5=C(C=C4)C=CN5)=CC=C3
CC(C(C)(C)O1)(C)OB1C2=CC=C(NC=C3C([C@H]4CCCN4C(OCC5=CC=CC=C5)=O)=O)C3=C2,ClC1=CC2=C(C=CN2)C=C1,1310584-14-5,CC(C1=CC(C(C)C)=C(C2=CC=CC=C2P(C3CCCCC3)C4CCCCC4)C(C(C)C)=C1)C.NC5=CC=CC=C5C6=CC=CC=[C-]6.Cl[Pd+],[O-]P(=O)([O-])[O-].[K+].[K+].[K+],C1CCOC1,25,12,O=C(OCC1=CC=CC=C1)N2CCC[C@@H]2C(C3=CNC4=CC=C(C5=CC6=C(C=C5)C=CN6)C=C43)=O
CC(C(C)(C)O1)(C)OB1C(C=C2)=CN3C2=NC=N3,ClC1=CC2=C(C=CN2)C=C1,1310584-14-5,CC(C1=CC(C(C)C)=C(C2=CC=CC=C2P(C3CCCCC3)C4CCCCC4)C(C(C)C)=C1)C.NC5=CC=CC=C5C6=CC=CC=[C-]6.Cl[Pd+],[O-]P(=O)([O-])[O-].[K+].[K+].[K+],C1CCOC1,60,44,C(C=C1)(C2=CC3=C(C=C2)C=CN3)=CN4C1=NC=N4
CC(C(C)(C)O1)(C)OB1C2=CN(S(C3=CC=CC=C3)(=O)=O)C4=C2C=CC=N4,ClC1=CC2=C(C=CN2)C=C1,1310584-14-5,CC(C1=CC(C(C)C)=C(C2=CC=CC=C2P(C3CCCCC3)C4CCCCC4)C(C(C)C)=C1)C.NC5=CC=CC=C5C6=CC=CC=[C-]6.Cl[Pd+],[O-]P(=O)([O-])[O-].[K+].[K+].[K+],C1CCOC1,60,72,O=S(N1C=C(C2=CC3=C(C=C2)C=CN3)C4=C1N=CC=C4)(C5=CC=CC=C5)=O
CC(C(C)(C)O1)(C)OB1C2=CN(C)C3=C2C=CC=C3,ClC1=CC2=C(C=CN2)C=C1,1310584-14-5,CC(C1=CC(C(C)C)=C(C2=CC=CC=C2P(C3CCCCC3)C4CCCCC4)C(C(C)C)=C1)C.NC5=CC=CC=C5C6=CC=CC=[C-]6.Cl[Pd+],[O-]P(=O)([O-])[O-].[K+].[K+].[K+],C1CCOC1,60,68,CN1C=C(C2=CC3=C(C=C2)C=CN3)C4=C1C=CC=C4
CC(C(C)(C)O1)(C)OB1C2=CN=C(N3N=CC(C)=C3)N=C2,ClC1=CC2=C(C=CN2)C=C1,1310584-14-5,CC(C1=CC(C(C)C)=C(C2=CC=CC=C2P(C3CCCCC3)C4CCCCC4)C(C(C)C)=C1)C.NC5=CC=CC=C5C6=CC=CC=[C-]6.Cl[Pd+],[O-]P(=O)([O-])[O-].[K+].[K+].[K+],C1CCOC1,60,16,CC1=CN(N=C1)C2=NC=C(C3=CC4=C(C=C3)C=CN4)C=N2
CC(C(C)(C)O1)(C)OB1C2=CC=C(N=CN3C4CCOCC4)C3=C2,ClC1=CC2=C(C=CN2)C=C1,1310584-14-5,CC(C1=CC(C(C)C)=C(C2=CC=CC=C2P(C3CCCCC3)C4CCCCC4)C(C(C)C)=C1)C.NC5=CC=CC=C5C6=CC=CC=[C-]6.Cl[Pd+],[O-]P(=O)([O-])[O-].[K+].[K+].[K+],C1CCOC1,60,99,C12=C(NC=C2)C=C(C3=CC=C(C4=C3)N=CN4C5CCOCC5)C=C1
CC(C(C)(C)O1)(C)OB1C2=CN=C(C=CC=C3)C3=C2,ClC1=CC2=C(C=CN2)C=C1,1310584-14-5,CC(C1=CC(C(C)C)=C(C2=CC=CC=C2P(C3CCCCC3)C4CCCCC4)C(C(C)C)=C1)C.NC5=CC=CC=C5C6=CC=CC=[C-]6.Cl[Pd+],[O-]P(=O)([O-])[O-].[K+].[K+].[K+],C1CCOC1,60,69,C12=C(NC=C2)C=C(C3=CN=C4C=CC=CC4=C3)C=C1
CC(C(C)(C)O1)(C)OB1C2=CC=C(NC3=NC4=C(C=CC=C4)S3)C=C2,ClC1=CC2=C(C=CN2)C=C1,1310584-14-5,CC(C1=CC(C(C)C)=C(C2=CC=CC=C2P(C3CCCCC3)C4CCCCC4)C(C(C)C)=C1)C.NC5=CC=CC=C5C6=CC=CC=[C-]6.Cl[Pd+],[O-]P(=O)([O-])[O-].[K+].[K+].[K+],C1CCOC1,60,28,C12=C(NC=C2)C=C(C3=CC=C(C=C3)NC4=NC5=C(S4)C=CC=C5)C=C1
CC(C(C)(C)O1)(C)OB1C2=CC=C(N(C)C3=C4C=CC=C3)C4=C2,ClC1=CC2=C(C=CN2)C=C1,1310584-14-5,CC(C1=CC(C(C)C)=C(C2=CC=CC=C2P(C3CCCCC3)C4CCCCC4)C(C(C)C)=C1)C.NC5=CC=CC=C5C6=CC=CC=[C-]6.Cl[Pd+],[O-]P(=O)([O-])[O-].[K+].[K+].[K+],C1CCOC1,60,76,CN1C2=CC=C(C3=CC4=C(C=C3)C=CN4)C=C2C5=C1C=CC=C5
CC(C(C)(C)O1)(C)OB1C2=CC=CC(C3=NOC(C)=N3)=C2,ClC1=CC2=C(C=CN2)C=C1,1310584-14-5,CC(C1=CC(C(C)C)=C(C2=CC=CC=C2P(C3CCCCC3)C4CCCCC4)C(C(C)C)=C1)C.NC5=CC=CC=C5C6=CC=CC=[C-]6.Cl[Pd+],[O-]P(=O)([O-])[O-].[K+].[K+].[K+],C1CCOC1,60,0,CC1=NC(C2=CC(C3=CC4=C(C=C3)C=CN4)=CC=C2)=NO1
CC(C(C)(C)O1)(C)OB1C2=CC=NC(N3CCOCC3)=C2F,ClC1=CC2=C(C=CN2)C=C1,1310584-14-5,CC(C1=CC(C(C)C)=C(C2=CC=CC=C2P(C3CCCCC3)C4CCCCC4)C(C(C)C)=C1)C.NC5=CC=CC=C5C6=CC=CC=[C-]6.Cl[Pd+],[O-]P(=O)([O-])[O-].[K+].[K+].[K+],C1CCOC1,60,61,FC1=C(N2CCOCC2)N=CC=C1C3=CC4=C(C=C3)C=CN4
CC(C(C)(C)O1)(C)OB1C2=CN=C(N3CCN(S(C4=CC=C(Cl)C=C4)(=O)=O)CC3)C=C2,ClC1=CC2=C(C=CN2)C=C1,1310584-14-5,CC(C1=CC(C(C)C)=C(C2=CC=CC=C2P(C3CCCCC3)C4CCCCC4)C(C(C)C)=C1)C.NC5=CC=CC=C5C6=CC=CC=[C-]6.Cl[Pd+],[O-]P(=O)([O-])[O-].[K+].[K+].[K+],C1CCOC1,60,0,ClC(C=C1)=CC=C1S(N(CC2)CCN2C3=NC=C(C4=CC5=C(C=C4)C=CN5)C=C3)(=O)=O
CC(C(C)(C)O1)(C)OB1C2=CC=CC(C3=NN=NN3)=C2,ClC1=CC2=C(C=CN2)C=C1,1310584-14-5,CC(C1=CC(C(C)C)=C(C2=CC=CC=C2P(C3CCCCC3)C4CCCCC4)C(C(C)C)=C1)C.NC5=CC=CC=C5C6=CC=CC=[C-]6.Cl[Pd+],[O-]P(=O)([O-])[O-].[K+].[K+].[K+],C1CCOC1,60,0,C12=C(NC=C2)C=C(C3=CC=CC(C4=NN=NN4)=C3)C=C1
CC(C(C)(C)O1)(C)OB1C2=CC=C(C3=CC=CN=C3)N=C2,ClC1=CC2=C(C=CN2)C=C1,1310584-14-5,CC(C1=CC(C(C)C)=C(C2=CC=CC=C2P(C3CCCCC3)C4CCCCC4)C(C(C)C)=C1)C.NC5=CC=CC=C5C6=CC=CC=[C-]6.Cl[Pd+],[O-]P(=O)([O-])[O-].[K+].[K+].[K+],C1CCOC1,60,51,C12=C(NC=C2)C=C(C3=CC=C(N=C3)C4=CC=CN=C4)C=C1
CC(C(C)(C)O1)(C)OB1C2=CC(C3CC3)=CC(C4=CN=CS4)=C2,ClC1=CC2=C(C=CN2)C=C1,1310584-14-5,CC(C1=CC(C(C)C)=C(C2=CC=CC=C2P(C3CCCCC3)C4CCCCC4)C(C(C)C)=C1)C.NC5=CC=CC=C5C6=CC=CC=[C-]6.Cl[Pd+],[O-]P(=O)([O-])[O-].[K+].[K+].[K+],C1CCOC1,60,41,C12=C(NC=C2)C=C(C3=CC(C4CC4)=CC(C5=CN=CS5)=C3)C=C1
CC(C(C)(C)O1)(C)OB1C2=CN=C(C=CC=N3)C3=C2,ClC1=CC2=C(C=CN2)C=C1,1310584-14-5,CC(C1=CC(C(C)C)=C(C2=CC=CC=C2P(C3CCCCC3)C4CCCCC4)C(C(C)C)=C1)C.NC5=CC=CC=C5C6=CC=CC=[C-]6.Cl[Pd+],[O-]P(=O)([O-])[O-].[K+].[K+].[K+],C1CCOC1,60,64,C12=C(NC=C2)C=C(C3=CN=C4C=CC=NC4=C3)C=C1
CC(C(C)(C)O1)(C)OB1C2=CC=C(N3C(C)=CC(C)=N3)C=C2,ClC1=CC2=C(C=CN2)C=C1,1310584-14-5,CC(C1=CC(C(C)C)=C(C2=CC=CC=C2P(C3CCCCC3)C4CCCCC4)C(C(C)C)=C1)C.NC5=CC=CC=C5C6=CC=CC=[C-]6.Cl[Pd+],[O-]P(=O)([O-])[O-].[K+].[K+].[K+],C1CCOC1,60,70,CC1=CC(C)=NN1C2=CC=C(C3=CC4=C(C=C3)C=CN4)C=C2
CC(C(C)(C)O1)(C)OB1C2=CC=C(OCCN3N=NC(C(C)(O)C)=C3)C=C2,ClC1=CC2=C(C=CN2)C=C1,1310584-14-5,CC(C1=CC(C(C)C)=C(C2=CC=CC=C2P(C3CCCCC3)C4CCCCC4)C(C(C)C)=C1)C.NC5=CC=CC=C5C6=CC=CC=[C-]6.Cl[Pd+],[O-]P(=O)([O-])[O-].[K+].[K+].[K+],C1CCOC1,60,57,CC(O)(C)C1=CN(N=N1)CCOC2=CC=C(C3=CC4=C(C=C3)C=CN4)C=C2
CC(C(C)(C)O1)(C)OB1C2=CN=C(N(C)C=N3)C3=C2,ClC1=CC2=C(C=CN2)C=C1,1310584-14-5,CC(C1=CC(C(C)C)=C(C2=CC=CC=C2P(C3CCCCC3)C4CCCCC4)C(C(C)C)=C1)C.NC5=CC=CC=C5C6=CC=CC=[C-]6.Cl[Pd+],[O-]P(=O)([O-])[O-].[K+].[K+].[K+],C1CCOC1,60,55,CN1C2=NC=C(C3=CC4=C(C=C3)C=CN4)C=C2N=C1
CC(C(C)(C)O1)(C)OB1C2=CC=C(C3=CN=CC=N3)C=C2,ClC1=CC2=C(C=CN2)C=C1,1310584-14-5,CC(C1=CC(C(C)C)=C(C2=CC=CC=C2P(C3CCCCC3)C4CCCCC4)C(C(C)C)=C1)C.NC5=CC=CC=C5C6=CC=CC=[C-]6.Cl[Pd+],[O-]P(=O)([O-])[O-].[K+].[K+].[K+],C1CCOC1,60,53,C12=C(NC=C2)C=C(C3=CC=C(C=C3)C4=CN=CC=N4)C=C1
CC(C(C)(C)O1)(C)OB1C2=CC(C(F)(F)F)=C(C3CCC3)N=C2,ClC1=CC2=C(C=CN2)C=C1,1310584-14-5,CC(C1=CC(C(C)C)=C(C2=CC=CC=C2P(C3CCCCC3)C4CCCCC4)C(C(C)C)=C1)C.NC5=CC=CC=C5C6=CC=CC=[C-]6.Cl[Pd+],[O-]P(=O)([O-])[O-].[K+].[K+].[K+],C1CCOC1,60,80,FC(F)(F)C(C=C(C1=CC2=C(C=C1)C=CN2)C=N3)=C3C4CCC4
CC(C(C)(C)O1)(C)OB1C2=CC=C(C(NC3CCOC3)=O)C=C2,ClC1=CC2=C(C=CN2)C=C1,1310584-14-5,CC(C1=CC(C(C)C)=C(C2=CC=CC=C2P(C3CCCCC3)C4CCCCC4)C(C(C)C)=C1)C.NC5=CC=CC=C5C6=CC=CC=[C-]6.Cl[Pd+],[O-]P(=O)([O-])[O-].[K+].[K+].[K+],C1CCOC1,60,79,O=C(NC1CCOC1)C2=CC=C(C3=CC4=C(C=C3)C=CN4)C=C2
CC(C(C)(C)O1)(C)OB1C2=CN=C(CC#N)C=C2,ClC1=CC2=C(C=CN2)C=C1,1310584-14-5,CC(C1=CC(C(C)C)=C(C2=CC=CC=C2P(C3CCCCC3)C4CCCCC4)C(C(C)C)=C1)C.NC5=CC=CC=C5C6=CC=CC=[C-]6.Cl[Pd+],[O-]P(=O)([O-])[O-].[K+].[K+].[K+],C1CCOC1,60,18,N#CCC1=NC=C(C2=CC3=C(C=C2)C=CN3)C=C1
CC(C(C)(C)O1)(C)OB1C2=CC=CC(C3(NC(OCC4=CC=CC=C4)=O)CC3)=C2,ClC1=CC2=C(C=CN2)C=C1,1310584-14-5,CC(C1=CC(C(C)C)=C(C2=CC=CC=C2P(C3CCCCC3)C4CCCCC4)C(C(C)C)=C1)C.NC5=CC=CC=C5C6=CC=CC=[C-]6.Cl[Pd+],[O-]P(=O)([O-])[O-].[K+].[K+].[K+],C1CCOC1,60,72,O=C(OCC1=CC=CC=C1)NC2(CC2)C3=CC(C4=CC5=C(C=C4)C=CN5)=CC=C3
CC(C(C)(C)O1)(C)OB1C2=CC=C(NC=C3C([C@H]4CCCN4C(OCC5=CC=CC=C5)=O)=O)C3=C2,ClC1=CC2=C(C=CN2)C=C1,1310584-14-5,CC(C1=CC(C(C)C)=C(C2=CC=CC=C2P(C3CCCCC3)C4CCCCC4)C(C(C)C)=C1)C.NC5=CC=CC=C5C6=CC=CC=[C-]6.Cl[Pd+],[O-]P(=O)([O-])[O-].[K+].[K+].[K+],C1CCOC1,60,18,O=C(OCC1=CC=CC=C1)N2CCC[C@@H]2C(C3=CNC4=CC=C(C5=CC6=C(C=C5)C=CN6)C=C43)=O
CC(C(C)(C)O1)(C)OB1C(C=C2)=CN3C2=NC=N3,ClC1=CC2=C(C=CN2)C=C1,1310584-14-5,CC(C1=CC(C(C)C)=C(C2=CC=CC=C2P(C3CCCCC3)C4CCCCC4)C(C(C)C)=C1)C.NC5=CC=CC=C5C6=CC=CC=[C-]6.Cl[Pd+],[O-]P(=O)([O-])[O-].[K+].[K+].[K+],C1CCOC1,100,47,C(C=C1)(C2=CC3=C(C=C2)C=CN3)=CN4C1=NC=N4
CC(C(C)(C)O1)(C)OB1C2=CN(S(C3=CC=CC=C3)(=O)=O)C4=C2C=CC=N4,ClC1=CC2=C(C=CN2)C=C1,1310584-14-5,CC(C1=CC(C(C)C)=C(C2=CC=CC=C2P(C3CCCCC3)C4CCCCC4)C(C(C)C)=C1)C.NC5=CC=CC=C5C6=CC=CC=[C-]6.Cl[Pd+],[O-]P(=O)([O-])[O-].[K+].[K+].[K+],C1CCOC1,100,43,O=S(N1C=C(C2=CC3=C(C=C2)C=CN3)C4=C1N=CC=C4)(C5=CC=CC=C5)=O
CC(C(C)(C)O1)(C)OB1C2=CN(C)C3=C2C=CC=C3,ClC1=CC2=C(C=CN2)C=C1,1310584-14-5,CC(C1=CC(C(C)C)=C(C2=CC=CC=C2P(C3CCCCC3)C4CCCCC4)C(C(C)C)=C1)C.NC5=CC=CC=C5C6=CC=CC=[C-]6.Cl[Pd+],[O-]P(=O)([O-])[O-].[K+].[K+].[K+],C1CCOC1,100,77,CN1C=C(C2=CC3=C(C=C2)C=CN3)C4=C1C=CC=C4
CC(C(C)(C)O1)(C)OB1C2=CN=C(N3N=CC(C)=C3)N=C2,ClC1=CC2=C(C=CN2)C=C1,1310584-14-5,CC(C1=CC(C(C)C)=C(C2=CC=CC=C2P(C3CCCCC3)C4CCCCC4)C(C(C)C)=C1)C.NC5=CC=CC=C5C6=CC=CC=[C-]6.Cl[Pd+],[O-]P(=O)([O-])[O-].[K+].[K+].[K+],C1CCOC1,100,16,CC1=CN(N=C1)C2=NC=C(C3=CC4=C(C=C3)C=CN4)C=N2
CC(C(C)(C)O1)(C)OB1C2=CC=C(N=CN3C4CCOCC4)C3=C2,ClC1=CC2=C(C=CN2)C=C1,1310584-14-5,CC(C1=CC(C(C)C)=C(C2=CC=CC=C2P(C3CCCCC3)C4CCCCC4)C(C(C)C)=C1)C.NC5=CC=CC=C5C6=CC=CC=[C-]6.Cl[Pd+],[O-]P(=O)([O-])[O-].[K+].[K+].[K+],C1CCOC1,100,75,C12=C(NC=C2)C=C(C3=CC=C(C4=C3)N=CN4C5CCOCC5)C=C1
CC(C(C)(C)O1)(C)OB1C2=CN=C(C=CC=C3)C3=C2,ClC1=CC2=C(C=CN2)C=C1,1310584-14-5,CC(C1=CC(C(C)C)=C(C2=CC=CC=C2P(C3CCCCC3)C4CCCCC4)C(C(C)C)=C1)C.NC5=CC=CC=C5C6=CC=CC=[C-]6.Cl[Pd+],[O-]P(=O)([O-])[O-].[K+].[K+].[K+],C1CCOC1,100,98,C12=C(NC=C2)C=C(C3=CN=C4C=CC=CC4=C3)C=C1
CC(C(C)(C)O1)(C)OB1C2=CC=C(NC3=NC4=C(C=CC=C4)S3)C=C2,ClC1=CC2=C(C=CN2)C=C1,1310584-14-5,CC(C1=CC(C(C)C)=C(C2=CC=CC=C2P(C3CCCCC3)C4CCCCC4)C(C(C)C)=C1)C.NC5=CC=CC=C5C6=CC=CC=[C-]6.Cl[Pd+],[O-]P(=O)([O-])[O-].[K+].[K+].[K+],C1CCOC1,100,49,C12=C(NC=C2)C=C(C3=CC=C(C=C3)NC4=NC5=C(S4)C=CC=C5)C=C1
CC(C(C)(C)O1)(C)OB1C2=CC=C(N(C)C3=C4C=CC=C3)C4=C2,ClC1=CC2=C(C=CN2)C=C1,1310584-14-5,CC(C1=CC(C(C)C)=C(C2=CC=CC=C2P(C3CCCCC3)C4CCCCC4)C(C(C)C)=C1)C.NC5=CC=CC=C5C6=CC=CC=[C-]6.Cl[Pd+],[O-]P(=O)([O-])[O-].[K+].[K+].[K+],C1CCOC1,100,77,CN1C2=CC=C(C3=CC4=C(C=C3)C=CN4)C=C2C5=C1C=CC=C5
CC(C(C)(C)O1)(C)OB1C2=CC=CC(C3=NOC(C)=N3)=C2,ClC1=CC2=C(C=CN2)C=C1,1310584-14-5,CC(C1=CC(C(C)C)=C(C2=CC=CC=C2P(C3CCCCC3)C4CCCCC4)C(C(C)C)=C1)C.NC5=CC=CC=C5C6=CC=CC=[C-]6.Cl[Pd+],[O-]P(=O)([O-])[O-].[K+].[K+].[K+],C1CCOC1,100,0,CC1=NC(C2=CC(C3=CC4=C(C=C3)C=CN4)=CC=C2)=NO1
CC(C(C)(C)O1)(C)OB1C2=CC=NC(N3CCOCC3)=C2F,ClC1=CC2=C(C=CN2)C=C1,1310584-14-5,CC(C1=CC(C(C)C)=C(C2=CC=CC=C2P(C3CCCCC3)C4CCCCC4)C(C(C)C)=C1)C.NC5=CC=CC=C5C6=CC=CC=[C-]6.Cl[Pd+],[O-]P(=O)([O-])[O-].[K+].[K+].[K+],C1CCOC1,100,98,FC1=C(N2CCOCC2)N=CC=C1C3=CC4=C(C=C3)C=CN4
CC(C(C)(C)O1)(C)OB1C2=CN=C(N3CCN(S(C4=CC=C(Cl)C=C4)(=O)=O)CC3)C=C2,ClC1=CC2=C(C=CN2)C=C1,1310584-14-5,CC(C1=CC(C(C)C)=C(C2=CC=CC=C2P(C3CCCCC3)C4CCCCC4)C(C(C)C)=C1)C.NC5=CC=CC=C5C6=CC=CC=[C-]6.Cl[Pd+],[O-]P(=O)([O-])[O-].[K+].[K+].[K+],C1CCOC1,100,0,ClC(C=C1)=CC=C1S(N(CC2)CCN2C3=NC=C(C4=CC5=C(C=C4)C=CN5)C=C3)(=O)=O
CC(C(C)(C)O1)(C)OB1C2=CC=CC(C3=NN=NN3)=C2,ClC1=CC2=C(C=CN2)C=C1,1310584-14-5,CC(C1=CC(C(C)C)=C(C2=CC=CC=C2P(C3CCCCC3)C4CCCCC4)C(C(C)C)=C1)C.NC5=CC=CC=C5C6=CC=CC=[C-]6.Cl[Pd+],[O-]P(=O)([O-])[O-].[K+].[K+].[K+],C1CCOC1,100,0,C12=C(NC=C2)C=C(C3=CC=CC(C4=NN=NN4)=C3)C=C1
CC(C(C)(C)O1)(C)OB1C2=CC=C(C3=CC=CN=C3)N=C2,ClC1=CC2=C(C=CN2)C=C1,1310584-14-5,CC(C1=CC(C(C)C)=C(C2=CC=CC=C2P(C3CCCCC3)C4CCCCC4)C(C(C)C)=C1)C.NC5=CC=CC=C5C6=CC=CC=[C-]6.Cl[Pd+],[O-]P(=O)([O-])[O-].[K+].[K+].[K+],C1CCOC1,100,46,C12=C(NC=C2)C=C(C3=CC=C(N=C3)C4=CC=CN=C4)C=C1
CC(C(C)(C)O1)(C)OB1C2=CC(C3CC3)=CC(C4=CN=CS4)=C2,ClC1=CC2=C(C=CN2)C=C1,1310584-14-5,CC(C1=CC(C(C)C)=C(C2=CC=CC=C2P(C3CCCCC3)C4CCCCC4)C(C(C)C)=C1)C.NC5=CC=CC=C5C6=CC=CC=[C-]6.Cl[Pd+],[O-]P(=O)([O-])[O-].[K+].[K+].[K+],C1CCOC1,100,39,C12=C(NC=C2)C=C(C3=CC(C4CC4)=CC(C5=CN=CS5)=C3)C=C1
CC(C(C)(C)O1)(C)OB1C2=CN=C(C=CC=N3)C3=C2,ClC1=CC2=C(C=CN2)C=C1,1310584-14-5,CC(C1=CC(C(C)C)=C(C2=CC=CC=C2P(C3CCCCC3)C4CCCCC4)C(C(C)C)=C1)C.NC5=CC=CC=C5C6=CC=CC=[C-]6.Cl[Pd+],[O-]P(=O)([O-])[O-].[K+].[K+].[K+],C1CCOC1,100,99,C12=C(NC=C2)C=C(C3=CN=C4C=CC=NC4=C3)C=C1
CC(C(C)(C)O1)(C)OB1C2=CC=C(N3C(C)=CC(C)=N3)C=C2,ClC1=CC2=C(C=CN2)C=C1,1310584-14-5,CC(C1=CC(C(C)C)=C(C2=CC=CC=C2P(C3CCCCC3)C4CCCCC4)C(C(C)C)=C1)C.NC5=CC=CC=C5C6=CC=CC=[C-]6.Cl[Pd+],[O-]P(=O)([O-])[O-].[K+].[K+].[K+],C1CCOC1,100,83,CC1=CC(C)=NN1C2=CC=C(C3=CC4=C(C=C3)C=CN4)C=C2
CC(C(C)(C)O1)(C)OB1C2=CC=C(OCCN3N=NC(C(C)(O)C)=C3)C=C2,ClC1=CC2=C(C=CN2)C=C1,1310584-14-5,CC(C1=CC(C(C)C)=C(C2=CC=CC=C2P(C3CCCCC3)C4CCCCC4)C(C(C)C)=C1)C.NC5=CC=CC=C5C6=CC=CC=[C-]6.Cl[Pd+],[O-]P(=O)([O-])[O-].[K+].[K+].[K+],C1CCOC1,100,68,CC(O)(C)C1=CN(N=N1)CCOC2=CC=C(C3=CC4=C(C=C3)C=CN4)C=C2
CC(C(C)(C)O1)(C)OB1C2=CN=C(N(C)C=N3)C3=C2,ClC1=CC2=C(C=CN2)C=C1,1310584-14-5,CC(C1=CC(C(C)C)=C(C2=CC=CC=C2P(C3CCCCC3)C4CCCCC4)C(C(C)C)=C1)C.NC5=CC=CC=C5C6=CC=CC=[C-]6.Cl[Pd+],[O-]P(=O)([O-])[O-].[K+].[K+].[K+],C1CCOC1,100,49,CN1C2=NC=C(C3=CC4=C(C=C3)C=CN4)C=C2N=C1
CC(C(C)(C)O1)(C)OB1C2=CC=C(C3=CN=CC=N3)C=C2,ClC1=CC2=C(C=CN2)C=C1,1310584-14-5,CC(C1=CC(C(C)C)=C(C2=CC=CC=C2P(C3CCCCC3)C4CCCCC4)C(C(C)C)=C1)C.NC5=CC=CC=C5C6=CC=CC=[C-]6.Cl[Pd+],[O-]P(=O)([O-])[O-].[K+].[K+].[K+],C1CCOC1,100,70,C12=C(NC=C2)C=C(C3=CC=C(C=C3)C4=CN=CC=N4)C=C1
CC(C(C)(C)O1)(C)OB1C2=CC(C(F)(F)F)=C(C3CCC3)N=C2,ClC1=CC2=C(C=CN2)C=C1,1310584-14-5,CC(C1=CC(C(C)C)=C(C2=CC=CC=C2P(C3CCCCC3)C4CCCCC4)C(C(C)C)=C1)C.NC5=CC=CC=C5C6=CC=CC=[C-]6.Cl[Pd+],[O-]P(=O)([O-])[O-].[K+].[K+].[K+],C1CCOC1,100,99,FC(F)(F)C(C=C(C1=CC2=C(C=C1)C=CN2)C=N3)=C3C4CCC4
CC(C(C)(C)O1)(C)OB1C2=CC=C(C(NC3CCOC3)=O)C=C2,ClC1=CC2=C(C=CN2)C=C1,1310584-14-5,CC(C1=CC(C(C)C)=C(C2=CC=CC=C2P(C3CCCCC3)C4CCCCC4)C(C(C)C)=C1)C.NC5=CC=CC=C5C6=CC=CC=[C-]6.Cl[Pd+],[O-]P(=O)([O-])[O-].[K+].[K+].[K+],C1CCOC1,100,73,O=C(NC1CCOC1)C2=CC=C(C3=CC4=C(C=C3)C=CN4)C=C2
CC(C(C)(C)O1)(C)OB1C2=CN=C(CC#N)C=C2,ClC1=CC2=C(C=CN2)C=C1,1310584-14-5,CC(C1=CC(C(C)C)=C(C2=CC=CC=C2P(C3CCCCC3)C4CCCCC4)C(C(C)C)=C1)C.NC5=CC=CC=C5C6=CC=CC=[C-]6.Cl[Pd+],[O-]P(=O)([O-])[O-].[K+].[K+].[K+],C1CCOC1,100,36,N#CCC1=NC=C(C2=CC3=C(C=C2)C=CN3)C=C1
CC(C(C)(C)O1)(C)OB1C2=CC=CC(C3(NC(OCC4=CC=CC=C4)=O)CC3)=C2,ClC1=CC2=C(C=CN2)C=C1,1310584-14-5,CC(C1=CC(C(C)C)=C(C2=CC=CC=C2P(C3CCCCC3)C4CCCCC4)C(C(C)C)=C1)C.NC5=CC=CC=C5C6=CC=CC=[C-]6.Cl[Pd+],[O-]P(=O)([O-])[O-].[K+].[K+].[K+],C1CCOC1,100,62,O=C(OCC1=CC=CC=C1)NC2(CC2)C3=CC(C4=CC5=C(C=C4)C=CN5)=CC=C3
CC(C(C)(C)O1)(C)OB1C2=CC=C(NC=C3C([C@H]4CCCN4C(OCC5=CC=CC=C5)=O)=O)C3=C2,ClC1=CC2=C(C=CN2)C=C1,1310584-14-5,CC(C1=CC(C(C)C)=C(C2=CC=CC=C2P(C3CCCCC3)C4CCCCC4)C(C(C)C)=C1)C.NC5=CC=CC=C5C6=CC=CC=[C-]6.Cl[Pd+],[O-]P(=O)([O-])[O-].[K+].[K+].[K+],C1CCOC1,100,45,O=C(OCC1=CC=CC=C1)N2CCC[C@@H]2C(C3=CNC4=CC=C(C5=CC6=C(C=C5)C=CN6)C=C43)=O
